연번,설치장소,지번주소,설치지점,쓰레기통종류,데이터기준일자
1,중앙로156 제일금거래소 앞 버스승강장,대전광역시 중구 은행동 142-8,버스승강장,3칸,2025-07-11
2,중앙로 164 이안경원 앞 버스승강장,대전광역시 중구 은행동 48-14,버스승강장,3칸,2025-07-11
3,중앙로 168 원더랜드 앞 버스승강장,대전광역시 중구 은행동 45-16,버스승강장,3칸,2025-07-11
4,대전천서로 445 더리터 은행점 건너편 횡단보도,대전광역시 중구 은행동 65-16,횡단보도,3칸,2025-07-11
5,대종로 468 이안과 앞 버스승강장,대전광역시 중구 은행동 153-5,버스승강장,2칸,2025-07-11
6,보문로 192-1 앞 버스승강장,대전광역시 중구 대흥동 340-50,버스승강장,2칸,2025-07-11
7,대흥로 110 대전고등학교 앞 버스승강장,대전광역시 중구 대흥동 320-2,버스승강장,3칸,2025-07-11
8,대종로 471 대흥동성당 앞 버스승강장,대전광역시 중구 대흥동 189,버스승강장,3칸,2025-07-11
9,중앙로 134-1 순남시래기 앞 버스승강장,대전광역시 중구 대흥동 203-3 ,버스승강장,2칸,2025-07-11
10,중앙로 126 메가박스 앞 버스승강장,대전광역시 중구 대흥동 205-1,버스승강장,2칸,2025-07-11
11,보문로 258 빽다방 앞 버스승강장,대전광역시 중구 대흥동 469-5,버스승강장,2칸,2025-07-11
12,보문로 238 kt대전지점 앞 버스승강장,대전광역시 중구 대흥동 452-52,버스승강장,2칸,2025-07-11
13,보문로 235 앞 버스승강장,대전광역시 중구 대흥동 508-63,버스승강장,2칸,2025-07-11
14,대종로 411 농협아나로마트 앞 버스승강장,대전광역시 중구 대흥동 40-10,버스승강장,2칸,2025-07-11
15,보문로 195 앞 버스승강장,대전광역시 중구 대흥동 330-22,버스승강장,3칸,2025-07-11
16,대흥로 64 성모병원 응급실 앞,대전광역시 중구 대흥동 520-2,횡단보도,2칸,2025-07-11
17,중앙로 76 하나은행 앞,대전광역시 중구 대흥동 500,횡단보도,2칸,2025-07-11
18,중앙로 100 중구청 후문 버스승강장,대전광역시 중구 대흥동 499-1,버스승강장,2칸,2025-07-11
19,대종로 373 한밭운동장 앞 승강장,대전광역시 중구 부사동 209-1 ,버스승강장,2칸,2025-07-11
20,보문로 92 앞 승강장,대전광역시 중구 부사동 140-4 ,버스승강장,2칸,2025-07-11
21,충무로 69-1 테미고개 승강장,대전광역시 중구 대사동 118-21,버스승강장,3칸,2025-07-11
22,대사동 99-23 공영주차장 앞 승강장,대전광역시 중구 대사동 99-23,버스승강장,2칸,2025-07-11
23,대사동 197 보문산 내 공영주차장 버스종점,대전광역시 중구 대사동 197,버스승강장,2칸,2025-07-11
24,대종로 297 금산인삼도매시장 앞 버스승강장,대전광역시 중구 부사동 153-1,버스승강장,3칸,2025-07-11
25,대종로 301-1 앞 횡단보도,대전광역시 중구 부사동 153-20,횡단보도,2칸,2025-07-11
26,보문로 17 건영페인트 앞 횡단보도,대전광역시 중구 문창동 368-13 ,횡단보도,2칸,2025-07-11
27,보문로 45 앞 버스승강장,대전광역시 중구 문창동 373-10,버스승강장,2칸,2025-07-11
28,대종로 290 앞 택시승강장,대전광역시 중구 문창동 379-3,택시승강장,3칸,2025-07-11
29,대종로 227 앞 버스승강장,대전광역시 중구 석교동 60-5,버스승강장,2칸,2025-07-11
30,대종로 143 앞 버스승강장,대전광역시 중구 호동 10-5,버스승강장,2칸,2025-07-11
31,대종로 130 앞 버스승강장,대전광역시 중구 호동 26-22,버스승강장,2칸,2025-07-11
32,대종로 66 솔빛아파트 앞 버스승강장,대전광역시 중구 옥계동 45-3,버스승강장,3칸,2025-07-11
33,중앙로 139 롯데리아 앞,대전광역시 중구 선화동 3-3,택시승강장,2칸,2025-07-11
34,중앙로 119 국민연금공단 앞 승강장,대전광역시 중구 선화동 226,버스승강장,3칸,2025-07-11
35,보문로 320-1 성진빌딩 앞 승강장,대전광역시 중구 선화동 140-14,버스승강장,3칸,2025-07-11
36,보문로 293 LSI정보기술 앞 승강장,대전광역시 중구 선화동 248-10,버스승강장,2칸,2025-07-11
37,중앙로 63 앞 승강장,대전광역시 중구 선화동 382-50,버스승강장,2칸,2025-07-11
38,대종로 523 대전웨딩박람회장 앞 승강장,대전광역시 중구 선화동 10-1,버스승강장,2칸,2025-07-11
39,중앙로 135 파리바게트 앞 ,대전광역시 중구 선화동 62-12,버스승강장,2칸,2025-07-11
40,대종로 606 신발나라 앞 승강장,대전광역시 중구 선화동 115-9,버스승강장,2칸,2025-07-11
41,중앙로 167 나이키 앞 승강장,대전광역시 중구 은행동 9-12,버스승강장,3칸,2025-07-11
42,중앙로 153 대전중앙약국 앞 승강장,대전광역시 중구 은행동 141-16,버스승강장,3칸,2025-07-11
43,대종로 698 원플라워 앞 승강장,대전광역시 중구 중촌동 87-9,버스승강장,2칸,2025-07-11
44,대종로 660 앞 승강장,대전광역시 중구 중촌동 105-11,버스승강장,3칸,2025-07-11
45,중촌동 102-3 종촌동 솔밭공원 앞 승강장,대전광역시 중구 중촌동 102-3,버스승강장,2칸,2025-07-11
46,대종로 701 시영아파트 상가 앞 승강장,대전광역시 중구 중촌동 10-3,버스승강장,2칸,2025-07-11
47,목중로 29 대전선병원 앞 택시승강장,대전광역시 중구 목동 10-7,택시승강장,2칸,2025-07-11
48,목동로 37 목양마을아파트 정문 앞 승강장,대전광역시 중구 목동 24,버스승강장,2칸,2025-07-11
49,동서대로 1399-2 순풍한의원 앞 승강장,대전광역시 중구 목동 5-14,버스승강장,2칸,2025-07-11
50,동서대로 1388 금호한사랑아파트 정문 앞 승강장,대전광역시 중구 목동 111-12,버스승강장,2칸,2025-07-11
51,태평로 71 삼부프라자 앞 승강장,대전광역시 중구 태평동 395-1,버스승강장,2칸,2025-07-11
52,태평로 80 삼부1단지아파트 앞 승강장,대전광역시 중구 태평동 386,버스승강장,2칸,2025-07-11
53,태평로 15 버드내아파트 101동 앞 승강장,대전광역시 중구 태평동 423-20,버스승강장,3칸,2025-07-11
54,평촌로 93 쌍용예가아파트 109동 옆 승강장,대전광역시 중구 태평동 554,버스승강장,2칸,2025-07-11
55,수침로 138 유등마을아파트 112동 옆 승강장,대전광역시 중구 태평동 253-1,버스승강장,2칸,2025-07-11
56,수침로 101 앞 버스승강장,대전광역시 중구 태평동 339-4,버스승강장,3칸,2025-07-11
57,수침로 102 앞 버스승강장,대전광역시 중구 태평동 257-6,버스승강장,3칸,2025-07-11
58,문화로 115-2 유등지구대 앞 승강장,대전광역시 중구 유천동 271-14,버스승강장,2칸,2025-07-11
59,계백로 1588 다섯가지한의원 앞 승강장,대전광역시 중구 유천동 210-3,버스승강장,2칸,2025-07-11
60,태평로 22-1 빽다방 앞 승강장,대전광역시 중구 유천동 326-14,버스승강장,2칸,2025-07-11
61,용두동 14-5 란짬뽕 건너편,대전광역시 중구 용두동 14-5,횡단보도,2칸,2025-07-11
62,계룡로 865 앞 승강장,대전광역시 중구 용두동 23-6,버스승강장,2칸,2025-07-11
63,선화로 12-1 앞 승강장,대전광역시 중구 용두동 25-21,버스승강장,2칸,2025-07-11
64,동서대로 1330 앞 승강장,대전광역시 중구 용두동 99-28,버스승강장,2칸,2025-07-11
65,동서대로 1329 로뎀노인복지센터 앞 승강장,대전광역시 중구 용두동 100-36,버스승강장,2칸,2025-07-11
66,계룡로 775 코스모스악기빌딩 앞 승강장,대전광역시 중구 용두동 120-9,버스승강장,2칸,2025-07-11
67,계룡로 766 앞 횡단보도,대전광역시 중구 오류동 188-1,횡단보도,2칸,2025-07-11
68,동서대로 1299 앞 승강장,대전광역시 중구 오류동 189-32,버스승강장,2칸,2025-07-11
69,계룡로 800 오룡역 1번출구 앞,대전광역시 중구 오류동 187-4,횡단보도,2칸,2025-07-11
70,계룡로 814 복록수 앞 승강장,대전광역시 중구 오류동 187-11,버스승강장,3칸,2025-07-11
71,계룡로 832 농협하나로마트 앞 승강장,대전광역시 중구 오류동 175-3,버스승강장,3칸,2025-07-11
72,계룡로 846 오류삼성아파트 앞 정문 입구,대전광역시 중구 오류동 175-13,횡단보도,2칸,2025-07-11
73,계백로 1719 센트리아오피스텔 앞 승강장,대전광역시 중구 오류동 154-4,버스승강장,2칸,2025-07-11
74,계백로 1685 앞 승강장,대전광역시 중구 오류동 165-13,버스승강장,2칸,2025-07-11
75,오류로 19 서대전역 주차장 입구 옆 횡단보도,대전광역시 중구 오류동 170-1,횡단보도,3칸,2025-07-11
76,문화로 132-1 앞 승강장,대전광역시 중구 문화동 668-3,버스승강장,2칸,2025-07-11
77,유등천동로 346 서남부터미널 앞 승강장,대전광역시 중구 산성동 759-33,버스승강장,2칸,2025-07-11
78,유등천동로 370 강변빌라 앞 승강장,대전광역시 중구 유천동 339-64,버스승강장,2칸,2025-07-11
79,대둔산로 411 앞 승강장,대전광역시 중구 산성동 97-7,버스승강장,2칸,2025-07-11
80,대둔산로 380 앞 승강장,대전광역시 중구 산성동 277-20,버스승강장,2칸,2025-07-11
81,대둔산로 320 앞 승강장,대전광역시 중구 사정동 387-6,버스승강장,2칸,2025-07-11
82,사정동 633 오월드버드랜드 앞 승강장,대전광역시 중구 사정동 633,버스승강장,2칸,2025-07-11
83,대둔산로 184번길 8 앞 승강장,대전광역시 중구 안영동 702-2,버스승강장,2칸,2025-07-11
84,대둔산로 130 충전소 앞 승강장,대전광역시 중구 안영동 280,버스승강장,2칸,2025-07-11
85,안영동 166-9 검바위마을 입구 앞 승강장,대전광역시 중구 안영동 166-9,버스승강장,2칸,2025-07-11
86,산성로 63 중구보건소 앞 승강장,대전광역시 중구 문화동 785,버스승강장,3칸,2025-07-11
87,문화로 175 앞 승강장,대전광역시 중구 문화동 284-93,버스승강장,2칸,2025-07-11
88,문화로 178 앞 승강장,대전광역시 중구 문화동 284-3,버스승강장,2칸,2025-07-11
89,문화로 214 앞 승강장,대전광역시 중구 문화동 283-4,버스승강장,2칸,2025-07-11
90,문화로 266 충남대학교병원 응급실 앞 승강장,대전광역시 중구 대사동 642,버스승강장,3칸,2025-07-11
91,문화로 269 앞 승강장,대전광역시 중구 문화동 1-33,버스승강장,2칸,2025-07-11
92,서문로 96 센트럴파크2단지 앞 승강장,대전광역시 중구 문화동 1-253,버스승강장,3칸,2025-07-11
93,계룡로 910 KT문화빌딩 앞 승강장,대전광역시 중구 문화동 1-30,버스승강장,2칸,2025-07-11
94,중앙로16번길 5 대전병무청 앞 승강장,대전광역시 중구 문화동 1-6,버스승강장,2칸,2025-07-11
95,계룡로 911 투썸플레이스 앞,대전광역시 중구 문화동 1-231,횡단보도,2칸,2025-07-11
96,계백로 1712 기독교연합봉사회관 앞 승강장,대전광역시 중구 문화동 1-13,버스승강장,3칸,2025-07-11
97,계백로 1686번길 16 한신아파트 101동 앞 승강장,대전광역시 중구 문화동 281-1,버스승강장,2칸,2025-07-11
