연번,자치구명,관리번호,도로(가로)명,설치위치, 설치지점, 수거 쓰레기 종류,쓰레기통 형태,설치연도
1,도봉구,1,도봉로 95,도봉산역광역환승센터 앞,정류장(버스/택시 등),일반쓰레기,일반 사각쓰레기통,2017 이전
2,도봉구,2,도봉로 941 ,SK주유소 앞,도로(가로)변,일반쓰레기,일반 사각쓰레기통,2017 이전
3,도봉구,3,도봉로 851 ,북서울농협 앞,도로(가로)변,일반쓰레기,일반 사각쓰레기통,2017 이전
4,도봉구,4,도봉로 771  ,국민은행 우측,도로(가로)변,일반쓰레기,일반 사각쓰레기통,2017 이전
5,도봉구,5,도봉로 749 ,먹거리부페 앞,도로(가로)변,일반쓰레기,일반 사각쓰레기통,2017 이전
6,도봉구,6,시루봉로 28,오봉초교 정문 앞,도로(가로)변,일반쓰레기,일반 사각쓰레기통,2017 이전
7,도봉구,7,도봉로 73,맥도날드 앞,도로(가로)변,일반쓰레기,일반 사각쓰레기통,2017 이전
8,도봉구,8,도봉로 486,쌍문역 1번 출구,지하철역 입구,일반쓰레기,일반 사각쓰레기통,2017 이전
9,도봉구,9,도봉산길 35,도봉산입구,광장 등 다중집합장소,일반쓰레기,일반 사각쓰레기통,2017 이전
10,도봉구,10,도봉동 637-37,도봉역 2번 출구,지하철역 입구,일반쓰레기,일반 사각쓰레기통,2017 이전
11,도봉구,11,도봉로 948 ,도봉산역 1번 출구,지하철역 입구,일반쓰레기,일반 사각쓰레기통,2017 이전
12,도봉구,12,마들로 849 ,누원 고등학교앞,도로(가로)변,일반쓰레기,일반 사각쓰레기통,2017 이전
13,도봉구,13,마들로 849 ,누원 고등학교앞,도로(가로)변,일반쓰레기,일반 사각쓰레기통,2017 이전
14,도봉구,14,마들로 797,도봉 기적의 도서관 앞,도로(가로)변,일반쓰레기,일반 사각쓰레기통,2017 이전
15,도봉구,15,도봉동 637-53,신도봉교 옆,도로(가로)변,일반쓰레기,일반 사각쓰레기통,2017 이전
16,도봉구,16,도봉로170길 16,래미안 도봉 아파트,도로(가로)변,일반쓰레기,일반 사각쓰레기통,2017 이전
17,도봉구,17,마들로 749,서울북부지방법원,도로(가로)변,일반쓰레기,일반 사각쓰레기통,2017 이전
18,도봉구,18,마들로 671 ,도봉중학교 앞,도로(가로)변,일반쓰레기,일반 사각쓰레기통,2017 이전
19,도봉구,19,삼양로 538,덕성여대 입구,도로(가로)변,일반쓰레기,일반 사각쓰레기통,2017 이전
20,도봉구,20,삼양로 582 ,파리바게트 앞,도로(가로)변,일반쓰레기,일반 사각쓰레기통,2017 이전
21,도봉구,21,노해로63길 67  ,창동역 2번출구,지하철역 입구,일반쓰레기,일반 사각쓰레기통,2017 이전
22,도봉구,22,도봉로 483,쌍문역 4번 출구,지하철역 입구,일반쓰레기,일반 사각쓰레기통,2017 이전
23,도봉구,23,해등로 373 ,청한빌라 정문앞 버스정류장,정류장(버스/택시 등),일반쓰레기,일반 사각쓰레기통,2017 이전
24,도봉구,24,해등로 373 ,청한빌라옆 마을버스정류장,정류장(버스/택시 등),일반쓰레기,일반 사각쓰레기통,2017 이전
25,도봉구,25,우이천로 432,효문고등학교 앞,도로(가로)변,일반쓰레기,일반 사각쓰레기통,2017 이전
26,도봉구,26,쌍문동 429-9,덕성여대 후문앞,도로(가로)변,일반쓰레기,일반 사각쓰레기통,2017 이전
27,도봉구,27,우이천로 401 ,쌍문1치안센터 앞,도로(가로)변,일반쓰레기,일반 사각쓰레기통,2017 이전
28,도봉구,28,우이천로38길 81 ,꽃동네 3번 종점,도로(가로)변,일반쓰레기,일반 사각쓰레기통,2017 이전
29,도봉구,29,우이천로 381 ,코오롱아파트 앞,도로(가로)변,일반쓰레기,일반 사각쓰레기통,2017 이전
30,도봉구,30,우이천로32길 12 ,쌍문초교 담장 옆,도로(가로)변,일반쓰레기,일반 사각쓰레기통,2017 이전
31,도봉구,31,우이천로32길 12 ,쌍문초교 담장 옆,도로(가로)변,일반쓰레기,일반 사각쓰레기통,2017 이전
32,도봉구,32,노해로41가길 16 ,e편한 세상아파트 앞,도로(가로)변,일반쓰레기,일반 사각쓰레기통,2017 이전
33,도봉구,33,우이천로30길 28 ,염광아파트앞,도로(가로)변,일반쓰레기,일반 사각쓰레기통,2017 이전
34,도봉구,34,노해로 133 ,김밥천국 앞,도로(가로)변,일반쓰레기,일반 사각쓰레기통,2017 이전
35,도봉구,35,시루봉로 53,선덕고등학교 앞,도로(가로)변,일반쓰레기,일반 사각쓰레기통,2017 이전
36,도봉구,36,쌍문동 12,발바닥공원 앞,광장등 다중집합장소,일반쓰레기,일반 사각쓰레기통,2017 이전
37,도봉구,37,해등로 19,삼익세라믹 109동 앞,도로(가로)변,일반쓰레기,일반 사각쓰레기통,2017 이전
38,도봉구,38,해등로 19,삼익세라믹 103동 앞,도로(가로)변,일반쓰레기,일반 사각쓰레기통,2017 이전
39,도봉구,39,해등로 166 ,북부농협 앞,도로(가로)변,일반쓰레기,일반 사각쓰레기통,2017 이전
40,도봉구,40,도봉로 603-1 ,쿠쿠 서비스센터 앞,횡단보도 입구,일반쓰레기,일반 사각쓰레기통,2017 이전
41,도봉구,41,도봉로 581 ,보건소 사거리,도로(가로)변,일반쓰레기,일반 사각쓰레기통,2017 이전
42,도봉구,42,도봉로 551 ,도봉구민회관 맞은편,횡단보도 입구,일반쓰레기,일반 사각쓰레기통,2017 이전
43,도봉구,43,도봉로129길 54 ,창경초등학교,도로(가로)변,일반쓰레기,일반 사각쓰레기통,2017 이전
44,도봉구,44,도봉로129길 54 ,창경초등학교,도로(가로)변,일반쓰레기,일반 사각쓰레기통,2017 이전
45,도봉구,45,노해로 217 ,H.S빌딩 앞,도로(가로)변,일반쓰레기,일반 사각쓰레기통,2017 이전
46,도봉구,46,노해로 217 ,H.S빌딩 앞,도로(가로)변,일반쓰레기,일반 사각쓰레기통,2017 이전
47,도봉구,47,노해로 170 ,금용 아파트 앞,도로(가로)변,일반쓰레기,일반 사각쓰레기통,2017 이전
48,도봉구,48,노해로 226 ,구립어린이집 앞,도로(가로)변,일반쓰레기,일반 사각쓰레기통,2017 이전
49,도봉구,49,도봉로 551 ,소피아관광호텔 앞,횡단보도 입구,일반쓰레기,일반 사각쓰레기통,2017 이전
50,도봉구,50,도봉로 479 ,쌍문역 3번출구 횡단보도 앞,지하철역 입구,일반쓰레기,일반 사각쓰레기통,2017 이전
51,도봉구,51,도봉로 469 ,문화주차장 앞,도로(가로)변,일반쓰레기,일반 사각쓰레기통,2017 이전
52,도봉구,52,도봉로 606 ,쌍용자동차 앞,도로(가로)변,일반쓰레기,일반 사각쓰레기통,2017 이전
53,도봉구,53,우이천로 302,한일병원,도로(가로)변,일반쓰레기,일반 사각쓰레기통,2017 이전
54,도봉구,54,우이천로 302,한일병원 맞은편,도로(가로)변,일반쓰레기,일반 사각쓰레기통,2017 이전
55,도봉구,55,시루봉로 64 ,쌍문4동 주민센터 앞,도로(가로)변,일반쓰레기,일반 사각쓰레기통,2017 이전
56,도봉구,56,해등로 243,금호아파트 상가 앞,도로(가로)변,일반쓰레기,일반 사각쓰레기통,2017 이전
57,도봉구,57,시루봉로6길 86,현대1차 108동 앞,도로(가로)변,일반쓰레기,일반 사각쓰레기통,2017 이전
58,도봉구,58,해등로 218,보성빌딩 앞,도로(가로)변,일반쓰레기,일반 사각쓰레기통,2017 이전
59,도봉구,59,해등로 264 ,선덕고 사거리,횡단보도 입구,일반쓰레기,일반 사각쓰레기통,2017 이전
60,도봉구,60,도당로6길 36 ,강북 성복교회 앞,도로(가로)변,일반쓰레기,일반 사각쓰레기통,2017 이전
61,도봉구,61,방학동 265-1,발바닥공원 앞,도로(가로)변,일반쓰레기,일반 사각쓰레기통,2017 이전
62,도봉구,62,방학로 137-1 ,신한은행 맞은편,도로(가로)변,일반쓰레기,일반 사각쓰레기통,2017 이전
63,도봉구,63,방학로 103 ,청진동 해장국 맞은편,도로(가로)변,일반쓰레기,일반 사각쓰레기통,2017 이전
64,도봉구,64,도봉로145길 65,동부센트레빌 앞,도로(가로)변,일반쓰레기,일반 사각쓰레기통,2017 이전
65,도봉구,65,방학로 136 ,신한은행 앞,도로(가로)변,일반쓰레기,일반 사각쓰레기통,2017 이전
66,도봉구,66,도봉로 723 ,동물병원 앞,도로(가로)변,일반쓰레기,일반 사각쓰레기통,2017 이전
67,도봉구,67,도봉로 693 ,지센 앞,도로(가로)변,일반쓰레기,일반 사각쓰레기통,2017 이전
68,도봉구,68,방학동 709  ,사계공원 여름 화장실 앞,도로(가로)변,일반쓰레기,일반 사각쓰레기통,2017 이전
69,도봉구,69,방학동 679 ,사계공원 봄 ,도로(가로)변,일반쓰레기,일반 사각쓰레기통,2017 이전
70,도봉구,70,방학동 709  ,사계공원 가을 ,도로(가로)변,일반쓰레기,일반 사각쓰레기통,2017 이전
71,도봉구,71,도봉로 686 ,녹산교회 앞,도로(가로)변,일반쓰레기,일반 사각쓰레기통,2017 이전
72,도봉구,72,도봉로 720 ,도봉병원 앞,정류장(버스/택시 등),일반쓰레기,일반 사각쓰레기통,2017 이전
73,도봉구,73,마들로 657 ,도봉구청 맞은편,도로(가로)변,일반쓰레기,일반 사각쓰레기통,2017 이전
74,도봉구,74,도봉로150길 42 ,삼성래미안 2단지 앞,도로(가로)변,일반쓰레기,일반 사각쓰레기통,2017 이전
75,도봉구,75,방학로 56 ,청송식당 앞,도로(가로)변,일반쓰레기,일반 사각쓰레기통,2017 이전
76,도봉구,76,방학로 32-28 ,창도초교 중랑천변,도로(가로)변,일반쓰레기,일반 사각쓰레기통,2017 이전
77,도봉구,77,마들로 656 ,도봉구청 앞,정류장(버스/택시 등),일반쓰레기,일반 사각쓰레기통,2017 이전
78,도봉구,78,마들로 598 ,문화고등학교 앞,도로(가로)변,일반쓰레기,일반 사각쓰레기통,2017 이전
79,도봉구,79,마들로 624 ,대상타운 현대상가 앞,도로(가로)변,일반쓰레기,일반 사각쓰레기통,2017 이전
80,도봉구,80,방학로 158 ,연세치과 앞,도로(가로)변,일반쓰레기,일반 사각쓰레기통,2017 이전
81,도봉구,81,방학로 180 ,방학2동 어린이집 앞,도로(가로)변,일반쓰레기,일반 사각쓰레기통,2017 이전
82,도봉구,82,시루봉로 226 ,방학2동 주민센터 앞,도로(가로)변,일반쓰레기,일반 사각쓰레기통,2017 이전
83,도봉구,83,시루봉로 221 ,방학2동 주민센터 맞은편,도로(가로)변,일반쓰레기,일반 사각쓰레기통,2017 이전
84,도봉구,84,시루봉로 251,방학2동 공영주차장,도로(가로)변,일반쓰레기,일반 사각쓰레기통,2017 이전
85,도봉구,85,시루봉로 145,천주교 방학동 성당,도로(가로)변,일반쓰레기,일반 사각쓰레기통,2017 이전
86,도봉구,86,방학동 산87-19,우이그린빌라 앞,도로(가로)변,일반쓰레기,일반 사각쓰레기통,2017 이전
87,도봉구,87,해등로 286-5,우성아파트 101동 옆,도로(가로)변,일반쓰레기,일반 사각쓰레기통,2017 이전
88,도봉구,88,방학동 567-8 ,정의공주묘 맞은편,도로(가로)변,일반쓰레기,일반 사각쓰레기통,2017 이전
89,도봉구,89,방학동 498-18 , 방학3동 주민센터 맞은편,도로(가로)변,일반쓰레기,일반 사각쓰레기통,2017 이전
90,도봉구,90,해등로 307 ,우성2차 201동 앞,도로(가로)변,일반쓰레기,일반 사각쓰레기통,2017 이전
91,도봉구,91,해등로 307 ,우성2차 202동 앞,도로(가로)변,일반쓰레기,일반 사각쓰레기통,2017 이전
92,도봉구,92,시루봉로 94 ,방학3동 주민센터 앞,도로(가로)변,일반쓰레기,일반 사각쓰레기통,2017 이전
93,도봉구,93,방학로 193,신동아 1차 11동 앞,도로(가로)변,일반쓰레기,일반 사각쓰레기통,2017 이전
94,도봉구,94,방학로 187 ,부동산 씨티 앞,도로(가로)변,일반쓰레기,일반 사각쓰레기통,2017 이전
95,도봉구,95,방학로 161 ,한국 SGI 앞,도로(가로)변,일반쓰레기,일반 사각쓰레기통,2017 이전
96,도봉구,96,방학로 210 ,신동아타워 앞,도로(가로)변,일반쓰레기,일반 사각쓰레기통,2017 이전
97,도봉구,97,시루봉로 156,신방학중학교 앞,도로(가로)변,일반쓰레기,일반 사각쓰레기통,2017 이전
98,도봉구,98,방학로12길 53 ,천주교성당 맞은편,도로(가로)변,일반쓰레기,일반 사각쓰레기통,2017 이전
99,도봉구,99,시루봉로 173 ,신방학초교 앞,도로(가로)변,일반쓰레기,일반 사각쓰레기통,2017 이전
100,도봉구,100,도봉로110길 25,KT 도봉빌딩,도로(가로)변,일반쓰레기,일반 사각쓰레기통,2017 이전
101,도봉구,101,도봉로 460-1 ,창경빌딩 앞,도로(가로)변,일반쓰레기,일반 사각쓰레기통,2017 이전
102,도봉구,102,도봉로 468 ,신한은행 앞,도로(가로)변,일반쓰레기,일반 사각쓰레기통,2017 이전
103,도봉구,103,덕릉로 350 ,주공4단지 408동 앞,도로(가로)변,일반쓰레기,일반 사각쓰레기통,2017 이전
104,도봉구,104,해등로 46 ,창1동 주민센터 앞,횡단보도 입구,일반쓰레기,일반 사각쓰레기통,2017 이전
105,도봉구,105,해등로 50 ,등기소 맞은편,도로(가로)변,일반쓰레기,일반 사각쓰레기통,2017 이전
106,도봉구,106,해등로 50 ,이마트교차로,도로(가로)변,일반쓰레기,일반 사각쓰레기통,2017 이전
107,도봉구,107,노해로66길 84 ,창일초교 앞,도로(가로)변,일반쓰레기,일반 사각쓰레기통,2017 이전
108,도봉구,108,노해로66길 84 ,창일초교 앞,도로(가로)변,일반쓰레기,일반 사각쓰레기통,2017 이전
109,도봉구,109,노해로62길 7 ,창동고등학교 앞,도로(가로)변,일반쓰레기,일반 사각쓰레기통,2017 이전
110,도봉구,110,덕릉로 350 ,주공4단지 401동 앞,도로(가로)변,일반쓰레기,일반 사각쓰레기통,2017 이전
111,도봉구,111,창동 산 164 ,녹천역 1번출구 앞,지하철역 입구,일반쓰레기,일반 사각쓰레기통,2017 이전
112,도봉구,112,도봉로110다길 5,창동한신아파트,도로(가로)변,일반쓰레기,일반 사각쓰레기통,2017 이전
113,도봉구,113,덕릉로 31,문화정보센터 앞,횡단보도 입구,일반쓰레기,일반 사각쓰레기통,2017 이전
114,도봉구,114,도봉로 428 ,칠성사이다 앞,도로(가로)변,일반쓰레기,일반 사각쓰레기통,2017 이전
115,도봉구,115,덕릉로63길 38 ,창림초교 앞,도로(가로)변,일반쓰레기,일반 사각쓰레기통,2017 이전
116,도봉구,116,덕릉로63길 38 ,창림초교 앞,도로(가로)변,일반쓰레기,일반 사각쓰레기통,2017 이전
117,도봉구,117,덕릉로 253 ,열쇠가게 앞,도로(가로)변,일반쓰레기,일반 사각쓰레기통,2017 이전
118,도봉구,118,덕릉로 219 ,양조장 앞,도로(가로)변,일반쓰레기,일반 사각쓰레기통,2017 이전
119,도봉구,119,우이천로20길 7 ,건영아파트 103동 앞,도로(가로)변,일반쓰레기,일반 사각쓰레기통,2017 이전
120,도봉구,120,우이천로20길 7 ,건영아파트 103동 맞은편,도로(가로)변,일반쓰레기,일반 사각쓰레기통,2017 이전
121,도봉구,121,덕릉로 230 ,신창동물병원 앞,도로(가로)변,일반쓰레기,일반 사각쓰레기통,2017 이전
122,도봉구,122,덕릉로 248-1 ,하나은행 맞은편,도로(가로)변,일반쓰레기,일반 사각쓰레기통,2017 이전
123,도봉구,123,창3동 504-21 ,공영주차장앞,도로(가로)변,일반쓰레기,일반 사각쓰레기통,2017 이전
124,도봉구,124,창3동 504-21 ,공영주차장앞,도로(가로)변,일반쓰레기,일반 사각쓰레기통,2017 이전
125,도봉구,125,덕릉로 276 ,리싸이클씨티 앞,도로(가로)변,일반쓰레기,일반 사각쓰레기통,2017 이전
126,도봉구,126,도봉로136길 111 ,창동 아이파크현대2차 앞,도로(가로)변,일반쓰레기,일반 사각쓰레기통,2017 이전
127,도봉구,127,방학동 710 ,방학사거리 사계공원 겨울,횡단보도 입구,일반쓰레기,일반 사각쓰레기통,2017 이전
128,도봉구,128,마들로 55,쌍용아파트상가 앞,도로(가로)변,일반쓰레기,일반 사각쓰레기통,2017 이전
129,도봉구,129,노해로69길 97 ,동아 청솔아파트상가 앞,도로(가로)변,일반쓰레기,일반 사각쓰레기통,2017 이전
130,도봉구,130,마들로11길 74 ,창동역1번출구마을버스정류장앞,정류장(버스/택시 등),일반쓰레기,일반 사각쓰레기통,2017 이전
131,도봉구,131,마들로11길 57 ,창동역1번출구 8번마을버스정류장앞,정류장(버스/택시 등),일반쓰레기,일반 사각쓰레기통,2017 이전
132,도봉구,132,노해로69길 2,창동역1번출구 민물장어 앞,도로(가로)변,일반쓰레기,일반 사각쓰레기통,2017 이전
133,도봉구,133,마들로11길 37 ,창동역1번출구 론스타 앞,도로(가로)변,일반쓰레기,일반 사각쓰레기통,2017 이전
134,도봉구,134,마들로11길 20 ,창동역1번출구 농협하나로마트 정문 앞,광장 등 다중집합장소,일반쓰레기,일반 사각쓰레기통,2017 이전
135,도봉구,135,노해로 392 , 창4동 주민센터 앞,도로(가로)변,일반쓰레기,일반 사각쓰레기통,2017 이전
136,도봉구,136,노해로 391 ,창4동 주민센터 맞은편,도로(가로)변,일반쓰레기,일반 사각쓰레기통,2017 이전
137,도봉구,137,노해로70길 96 ,월천초교 앞 ,도로(가로)변,일반쓰레기,일반 사각쓰레기통,2017 이전
138,도봉구,138,덕릉로66길 17 ,녹천역3번출구 주공17단지1710동 앞,도로(가로)변,일반쓰레기,일반 사각쓰레기통,2017 이전
139,도봉구,139,노해로70길 126 ,주공17단지 1806동 버스정류장 앞,정류장(버스/택시 등),일반쓰레기,일반 사각쓰레기통,2017 이전
140,도봉구,140,마들로 551 ,동아청솔아파트 117동 담장옆,도로(가로)변,일반쓰레기,일반 사각쓰레기통,2017 이전
141,도봉구,141,마들로 551 ,동아청솔아파트 117동 담장옆,도로(가로)변,일반쓰레기,일반 사각쓰레기통,2017 이전
142,도봉구,142,노해로69길 132  ,시립창동운동장 및 문화체육센터,광장 등 다중집합장소,일반쓰레기,일반 사각쓰레기통,2017 이전
143,도봉구,143,노해로69길 132  ,시립창동청소년수련관 앞,광장 등 다중집합장소,일반쓰레기,일반 사각쓰레기통,2017 이전
144,도봉구,144,마들로 552 ,순복음한성교회 앞,광장 등 다중집합장소,일반쓰레기,일반 사각쓰레기통,2017 이전
145,도봉구,145,도봉로 528 ,현대리바트 앞,도로(가로)변,일반쓰레기,일반 사각쓰레기통,2017 이전
146,도봉구,146,도봉로 552 ,도봉구민회관 앞,도로(가로)변,일반쓰레기,일반 사각쓰레기통,2017 이전
147,도봉구,147,도봉로 578 ,보건소 사거리 우리은행 앞,도로(가로)변,일반쓰레기,일반 사각쓰레기통,2017 이전
148,도봉구,148,도봉로 610 ,경복궁앞,도로(가로)변,일반쓰레기,일반 사각쓰레기통,2017 이전
149,도봉구,149,도봉로136다길 4,가인초교 앞,도로(가로)변,일반쓰레기,일반 사각쓰레기통,2017 이전
150,도봉구,150,도봉로136다길 4,가인초교 앞,도로(가로)변,일반쓰레기,일반 사각쓰레기통,2017 이전
151,도봉구,151,창동 330 ,창동역 2번 출구 공영주차장 앞,도로(가로)변,일반쓰레기,일반 사각쓰레기통,2017 이전
152,도봉구,152,노해로 327 ,하누소 앞,도로(가로)변,일반쓰레기,일반 사각쓰레기통,2017 이전
153,도봉구,153,해등로16길 12 ,창동 현대1차 앞,도로(가로)변,일반쓰레기,일반 사각쓰레기통,2017 이전
154,도봉구,154,해등로 113 ,창동 주공1단지 앞,도로(가로)변,일반쓰레기,일반 사각쓰레기통,2017 이전
155,도봉구,155,해등로 103 ,창원초교 앞,도로(가로)변,일반쓰레기,일반 사각쓰레기통,2017 이전
156,도봉구,156,도봉산길 13,도봉산성당앞,도로(가로)변,일반쓰레기,일반 사각쓰레기통,2017 이전
157,도봉구,157,방학동 산85-1,우이그린빌라 맞은편,도로(가로)변,일반쓰레기,일반 사각쓰레기통,2017 이전
158,도봉구,158,도봉로125길 94 ,삼화빌딩 맞은편,도로(가로)변,일반쓰레기,일반 사각쓰레기통,2017 이전
159,도봉구,159,마들로11길 74 ,창동역 1번출구,지하철역 입구,일반쓰레기,일반 사각쓰레기통,2017 이전
160,도봉구,160,도봉로 494,쌍문역 국민은행,도로(가로)변,일반쓰레기,일반 사각쓰레기통,2017 이전
161,도봉구,161,도봉로 621,신한은행 맞은편,횡단보도 입구,일반쓰레기,일반 사각쓰레기통,2018
162,도봉구,162,도봉로 555,메가박스 맞은편,정류장(버스/택시 등),일반쓰레기,일반 사각쓰레기통,2018
163,도봉구,163,도봉로 523,하이준빌딩 앞,정류장(버스/택시 등),일반쓰레기,일반 사각쓰레기통,2018
164,도봉구,164,도봉로 479,정인한의원 맞은편,횡단보도 입구,일반쓰레기,일반 사각쓰레기통,2018
165,도봉구,165,도봉로113길 7,쌍문역 마을버스 정류장,정류장(버스/택시 등),일반쓰레기,일반 사각쓰레기통,2018
166,도봉구,166,도봉로 468,쌍문역 신한은행 앞,정류장(버스/택시 등),일반쓰레기,일반 사각쓰레기통,2018
167,도봉구,167,도봉로 534,간선지선마을버스 정류장,정류장(버스/택시 등),일반쓰레기,일반 사각쓰레기통,2018
168,도봉구,168,도봉로 552,구민회관 앞,정류장(버스/택시 등),일반쓰레기,일반 사각쓰레기통,2018
169,도봉구,169,도봉로 590-1,도봉보건소 맞은편,정류장(버스/택시 등),일반쓰레기,일반 사각쓰레기통,2018
170,도봉구,170,도봉로170길,도봉역1번출구,횡단보도 입구,일반쓰레기,일반 사각쓰레기통,2018
171,도봉구,171,도봉로180길 9,중흥S클래스아파트 앞,횡단보도 입구,일반쓰레기,일반 사각쓰레기통,2018
172,도봉구,172,도봉로637-103,파리바게트 앞,횡단보도 입구,일반쓰레기,일반 사각쓰레기통,2018
173,도봉구,173,도봉로170길 2,럭키아파트 앞,횡단보도 입구,일반쓰레기,일반 사각쓰레기통,2018
174,도봉구,174,도봉로 769,KB국민은행 도봉지점 앞,횡단보도 입구,일반쓰레기,일반 사각쓰레기통,2018
175,도봉구,175,도봉로 675,홈플러스 맞은편,횡단보도 입구,일반쓰레기,일반 사각쓰레기통,2018
176,도봉구,176,도봉로 588-5,보건소사거리 다비치안경 맞은편,횡단보도 입구,일반쓰레기,일반 사각쓰레기통,2018
177,도봉구,177,도봉로 604,에이치큐브병원 앞 ,횡단보도 입구,일반쓰레기,일반 사각쓰레기통,2018
178,도봉구,178,마들로 656,도봉구의회 앞,정류장(버스/택시 등),일반쓰레기,일반 사각쓰레기통,2018
179,도봉구,179,마들로 656,도봉구의회 건너편,정류장(버스/택시 등),일반쓰레기,일반 사각쓰레기통,2018
180,도봉구,180,도봉로 지하 486-1(창동) ,쌍문역 1번출구,지하철역 입구,일반쓰레기,일반 사각쓰레기통,2018
181,도봉구,181,도봉로 지하 486-1(창동) ,쌍문역 2번출구,지하철역 입구,일반쓰레기,일반 사각쓰레기통,2018
182,도봉구,182,도봉로 지하 486-1(창동) ,쌍문역 3번출구,지하철역 입구,일반쓰레기,일반 사각쓰레기통,2018
183,도봉구,183,도봉로 지하 486-1(창동) ,쌍문역 4번출구,지하철역 입구,일반쓰레기,일반 사각쓰레기통,2018
184,도봉구,184,마들로11길 74,플랫폼61 앞,광장 등 다중집합장소,일반쓰레기,일반 사각쓰레기통,2018
185,도봉구,185,마들로11길 77(창동) ,창동역 1번출구,지하철역 입구,일반쓰레기,일반 사각쓰레기통,2018
186,도봉구,186,노해로63길 79,파리바게트 앞,상가지역,일반쓰레기,일반 사각쓰레기통,2018
187,도봉구,187,도봉로150다길 3,방학역 1번출구,지하철역 입구,일반쓰레기,일반 사각쓰레기통,2018
188,도봉구,188,도봉로150다길 3,방학역 2번출구,지하철역 입구,일반쓰레기,일반 사각쓰레기통,2018
189,도봉구,189,도봉로150다길 3,방학역 3번출구,지하철역 입구,일반쓰레기,일반 사각쓰레기통,2018
190,도봉구,190,도봉로170길 2,도봉역 1번출구,지하철역 입구,일반쓰레기,일반 사각쓰레기통,2018
191,도봉구,191,도봉로170길 2,도봉역 2번출구,지하철역 입구,일반쓰레기,일반 사각쓰레기통,2018
192,도봉구,192,도봉로170길 2,도봉역 3번출구,지하철역 입구,일반쓰레기,일반 사각쓰레기통,2018
193,도봉구,193,도봉로 948,도봉산역 1번출구,지하철역 입구,일반쓰레기,일반 사각쓰레기통,2018
194,도봉구,194,도봉로 941,도봉산역 1번출구 맞은편,도로(가로)변,일반쓰레기,일반 사각쓰레기통,2018
195,도봉구,195,도봉로 964-40,도봉산역 2번출구,지하철역 입구,일반쓰레기,일반 사각쓰레기통,2018
196,도봉구,196,도봉로 948,도봉산역 3번출구,지하철역 입구,일반쓰레기,일반 사각쓰레기통,2018
197,도봉구,197,도봉로 720,도봉병원 부근,횡단보도 입구,일반쓰레기,일반 사각쓰레기통,2018
198,도봉구,198,도봉로 690 ,서울LPG충전소,횡단보도 입구,일반쓰레기,일반 사각쓰레기통,2018
199,도봉구,199,도봉로 730,안경점 부근 횡단보도,횡단보도 입구,일반쓰레기,일반 사각쓰레기통,2018
200,도봉구,200,마들로 916,창포원 남측입구,광장 등 다중집합장소,일반쓰레기,일반 사각쓰레기통,2018
