시도명,시군구명,관리번호,설치위치,설치유형,데이터기준일자
서울특별시,은평구,1,가좌로204     평창두부 마을앞,일반 사각 쓰레기통,2021-07-01
서울특별시,은평구,2,가좌로252,일반 사각 쓰레기통,2021-07-01
서울특별시,은평구,3,가좌로272 부동산 뉴스 앞,일반 사각 쓰레기통,2021-07-01
서울특별시,은평구,4,가좌로272 부동산 뉴스 앞,일반 사각 쓰레기통,2021-07-01
서울특별시,은평구,5,가좌로333    뽀떼나앞,일반 사각 쓰레기통,2021-07-01
서울특별시,은평구,6,가좌로333    뽀떼나앞,일반 사각 쓰레기통,2021-07-01
서울특별시,은평구,7,가좌로313 OK부동산 앞,일반 사각 쓰레기통,2021-07-01
서울특별시,은평구,8,가좌로277 앞,일반 사각 쓰레기통,2021-07-01
서울특별시,은평구,9,가좌로227,일반 사각 쓰레기통,2021-07-01
서울특별시,은평구,10,갈현로82  올래 통신사앞,일반 사각 쓰레기통,2021-07-01
서울특별시,은평구,11,갈현로126한빛부동산앞,일반 사각 쓰레기통,2021-07-01
서울특별시,은평구,12,갈현로154,일반 사각 쓰레기통,2021-07-01
서울특별시,은평구,13,갈현로254 앞,일반 사각 쓰레기통,2021-07-01
서울특별시,은평구,14,갈현로300갈현상가앞,일반 사각 쓰레기통,2021-07-01
서울특별시,은평구,15,갈현로337 앞,일반 사각 쓰레기통,2021-07-01
서울특별시,은평구,16,갈현로337 앞,일반 사각 쓰레기통,2021-07-01
서울특별시,은평구,17,갈현로263아이패밀리앞,일반 사각 쓰레기통,2021-07-01
서울특별시,은평구,18,갈현로263아이패밀리앞,일반 사각 쓰레기통,2021-07-01
서울특별시,은평구,19,갈현로89시립서북병원버스정류장,일반 사각 쓰레기통,2021-07-01
서울특별시,은평구,20,갈현로89시립서북병원버스정류장,일반 사각 쓰레기통,2021-07-01
서울특별시,은평구,21,갈현로60,일반 사각 쓰레기통,2021-07-01
서울특별시,은평구,22,갈현로15브리아몽빵집앞,일반 사각 쓰레기통,2021-07-01
서울특별시,은평구,23,불광로38파리바게뜨앞,일반 사각 쓰레기통,2021-07-01
서울특별시,은평구,24,불광로129-1독바위역1번출구앞,일반 사각 쓰레기통,2021-07-01
서울특별시,은평구,25,불광로85 성유교회앞,일반 사각 쓰레기통,2021-07-01
서울특별시,은평구,26,통일로 736,일반 사각 쓰레기통,2021-07-01
서울특별시,은평구,27,불광로27불광역7번출구앞,일반 사각 쓰레기통,2021-07-01
서울특별시,은평구,28,불광로27불광역7번출구앞,일반 사각 쓰레기통,2021-07-01
서울특별시,은평구,29,백련산로175응암1동주민센터버스정류장,항아리형 쓰레기통,2021-07-01
서울특별시,은평구,30,백련산힐스테이트4차(403동 앞),일반 사각 쓰레기통,2021-07-01
서울특별시,은평구,31,백련산힐스테이트2차버스정류장,일반 사각 쓰레기통,2021-07-01
서울특별시,은평구,32,백련산로84은평병원버스정류장,일반 사각 쓰레기통,2021-07-01
서울특별시,은평구,33,수색로261-1수색역앞,항아리형 쓰레기통,2021-07-01
서울특별시,은평구,34,수색로191 초록약국 앞,일반 사각 쓰레기통,2021-07-01
서울특별시,은평구,35,수색로175디지털미디어시티역4번출구,일반 사각 쓰레기통,2021-07-01
서울특별시,은평구,36,수색로175디지털미디어시티역4번출구,일반 사각 쓰레기통,2021-07-01
서울특별시,은평구,37,수색로232 명조천막앞,일반 사각 쓰레기통,2021-07-01
서울특별시,은평구,38,수색로232 명조천막앞,일반 사각 쓰레기통,2021-07-01
서울특별시,은평구,39,수색로248 수색우체국 앞,일반 사각 쓰레기통,2021-07-01
서울특별시,은평구,40,서오릉로273우남아파트버스정류장,일반 사각 쓰레기통,2021-07-01
서울특별시,은평구,41,서오릉로225귀애헤어앞,일반 사각 쓰레기통,2021-07-01
서울특별시,은평구,42,서오릉로225귀애헤어앞,일반 사각 쓰레기통,2021-07-01
서울특별시,은평구,43,서오릉로203 선진운수종점앞,일반 사각 쓰레기통,2021-07-01
서울특별시,은평구,44,서오릉로185신한은행구산사거리점앞,일반 사각 쓰레기통,2021-07-01
서울특별시,은평구,45,서오릉로185신한은행구산사거리점앞,일반 사각 쓰레기통,2021-07-01
서울특별시,은평구,46,서오릉로129원창합판목재앞,일반 사각 쓰레기통,2021-07-01
서울특별시,은평구,47,서오릉로129원창합판목재앞,일반 사각 쓰레기통,2021-07-01
서울특별시,은평구,48,서오릉로105이조삼계탕앞,일반 사각 쓰레기통,2021-07-01
서울특별시,은평구,49,서오릉로71은성자동차공업사앞,일반 사각 쓰레기통,2021-07-01
서울특별시,은평구,50,서오릉로71은성자동차공업사앞,일반 사각 쓰레기통,2021-07-01
서울특별시,은평구,51,서오릉로25 앞,일반 사각 쓰레기통,2021-07-01
서울특별시,은평구,52,서오릉로25 앞,일반 사각 쓰레기통,2021-07-01
서울특별시,은평구,53,서오릉로24 앞,일반 사각 쓰레기통,2021-07-01
서울특별시,은평구,54,서오릉로74역촌역2번출구,일반 사각 쓰레기통,2021-07-01
서울특별시,은평구,55,서오릉로74역촌역2번출구,일반 사각 쓰레기통,2021-07-01
서울특별시,은평구,56,서오릉로90 앞,일반 사각 쓰레기통,2021-07-01
서울특별시,은평구,57,서오릉로104하늘창샷시앞,일반 사각 쓰레기통,2021-07-01
서울특별시,은평구,58,서오릉로114루마버텍스썬팅앞,일반 사각 쓰레기통,2021-07-01
서울특별시,은평구,59,서오릉로150엘지전자대리점앞,일반 사각 쓰레기통,2021-07-01
서울특별시,은평구,60,서오릉로150엘지전자대리점앞,일반 사각 쓰레기통,2021-07-01
서울특별시,은평구,61,서오릉로232 앞,일반 사각 쓰레기통,2021-07-01
서울특별시,은평구,62,서오릉로232 앞,일반 사각 쓰레기통,2021-07-01
서울특별시,은평구,63,서오릉로258우남아파트버스정류장 옆,일반 사각 쓰레기통,2021-07-01
서울특별시,은평구,64,은평로28신사1치안센터앞,일반 사각 쓰레기통,2021-07-01
서울특별시,은평구,65,은평로64 T월드응암역점앞,일반 사각 쓰레기통,2021-07-01
서울특별시,은평구,66,은평로144연도약국앞,일반 사각 쓰레기통,2021-07-01
서울특별시,은평구,67,은평로144연도약국앞,일반 사각 쓰레기통,2021-07-01
서울특별시,은평구,68,은평로170 은평세무서버스정류장,일반 사각 쓰레기통,2021-07-01
서울특별시,은평구,69,은평로170 은평세무서버스정류장,일반 사각 쓰레기통,2021-07-01
서울특별시,은평구,70,은평로200-1파리바게뜨앞,일반 사각 쓰레기통,2021-07-01
서울특별시,은평구,71,은평로200-1파리바게뜨앞,일반 사각 쓰레기통,2021-07-01
서울특별시,은평구,72,녹번역 3번출구 버스정류장,일반 사각 쓰레기통,2021-07-01
서울특별시,은평구,73,은평로239은평초교앞,일반 사각 쓰레기통,2021-07-01
서울특별시,은평구,74,은평로239은평초교앞,일반 사각 쓰레기통,2021-07-01
서울특별시,은평구,75,은평로201,일반 사각 쓰레기통,2021-07-01
서울특별시,은평구,76,은평로201,일반 사각 쓰레기통,2021-07-01
서울특별시,은평구,77,은평로173 앞,일반 사각 쓰레기통,2021-07-01
서울특별시,은평구,78,은평로147 앞,일반 사각 쓰레기통,2021-07-01
서울특별시,은평구,79,은평로147 앞,일반 사각 쓰레기통,2021-07-01
서울특별시,은평구,80,은평로 144 새마을금고,일반 사각 쓰레기통,2021-07-01
서울특별시,은평구,81,은평로91이삭부동산앞,일반 사각 쓰레기통,2021-07-01
서울특별시,은평구,82,은평로91이삭부동산앞,일반 사각 쓰레기통,2021-07-01
서울특별시,은평구,83,응암소공원,일반 사각 쓰레기통,2021-07-01
서울특별시,은평구,84,응암소공원,일반 사각 쓰레기통,2021-07-01
서울특별시,은평구,85,응암역버스정류장,일반 사각 쓰레기통,2021-07-01
서울특별시,은평구,86,응암역버스정류장,일반 사각 쓰레기통,2021-07-01
서울특별시,은평구,87,은평로7신사동성당앞,일반 사각 쓰레기통,2021-07-01
서울특별시,은평구,88,응암로190 대림시장 버스정류장,항아리형 쓰레기통,2021-07-01
서울특별시,은평구,89,응암로190 대림시장 버스정류장,항아리형 쓰레기통,2021-07-01
서울특별시,은평구,90,응암3동 지구대 앞,일반 사각 쓰레기통,2021-07-01
서울특별시,은평구,91,응암로242 서울농협 버스정류장,일반 사각 쓰레기통,2021-07-01
서울특별시,은평구,92,응암로242 서울농협 버스정류장,일반 사각 쓰레기통,2021-07-01
서울특별시,은평구,93,응암로294 피자헛앞,일반 사각 쓰레기통,2021-07-01
서울특별시,은평구,94,응암로294 피자헛앞,일반 사각 쓰레기통,2021-07-01
서울특별시,은평구,95,응암로356 서부경찰서 버스정류장,일반 사각 쓰레기통,2021-07-01
서울특별시,은평구,96,응암로356 서부경찰서 버스정류장,일반 사각 쓰레기통,2021-07-01
서울특별시,은평구,97,응암로351-1 남도전기조명앞,일반 사각 쓰레기통,2021-07-01
서울특별시,은평구,98,응암로295 서강스카이빌 2차앞,일반 사각 쓰레기통,2021-07-01
서울특별시,은평구,99,응암로247 응암시장버스정류장,일반 사각 쓰레기통,2021-07-01
서울특별시,은평구,100,응암로247 응암시장버스정류장,일반 사각 쓰레기통,2021-07-01
서울특별시,은평구,101,응암로207 뚜레쥬르 앞,일반 사각 쓰레기통,2021-07-01
서울특별시,은평구,102,응암로 181,일반 사각 쓰레기통,2021-07-01
서울특별시,은평구,103,응암로 181,일반 사각 쓰레기통,2021-07-01
서울특별시,은평구,104,연서로38 앞,일반 사각 쓰레기통,2021-07-01
서울특별시,은평구,105,연서로38 앞,일반 사각 쓰레기통,2021-07-01
서울특별시,은평구,106,연서로130-1 일신부동산앞,일반 사각 쓰레기통,2021-07-01
서울특별시,은평구,107,연서로130-1 일신부동산앞,일반 사각 쓰레기통,2021-07-01
서울특별시,은평구,108,연서로162 앞,일반 사각 쓰레기통,2021-07-01
서울특별시,은평구,109,연서로162 앞,일반 사각 쓰레기통,2021-07-01
서울특별시,은평구,110,연서로214 알라딘중고서점앞,일반 사각 쓰레기통,2021-07-01
서울특별시,은평구,111,연서로214 알라딘중고서점앞,일반 사각 쓰레기통,2021-07-01
서울특별시,은평구,112,연서로282 앞,일반 사각 쓰레기통,2021-07-01
서울특별시,은평구,113,연서로282 앞,일반 사각 쓰레기통,2021-07-01
서울특별시,은평구,114,연서로296 불광지구대 버스정류장,일반 사각 쓰레기통,2021-07-01
서울특별시,은평구,115,은평경찰서 횡단보도,일반 사각 쓰레기통,2021-07-01
서울특별시,은평구,116,연서로209 다보네안경앞,일반 사각 쓰레기통,2021-07-01
서울특별시,은평구,117,연서로209 다보네안경앞,일반 사각 쓰레기통,2021-07-01
서울특별시,은평구,118,연서로175 은평연세병원 버스정류장,일반 사각 쓰레기통,2021-07-01
서울특별시,은평구,119,연서로175 은평연세병원 버스정류장,일반 사각 쓰레기통,2021-07-01
서울특별시,은평구,120,연서로149 앞,일반 사각 쓰레기통,2021-07-01
서울특별시,은평구,121,연서로149 앞,일반 사각 쓰레기통,2021-07-01
서울특별시,은평구,122,예일여중 담벼락,일반 사각 쓰레기통,2021-07-01
서울특별시,은평구,123,예일여중 담벼락,일반 사각 쓰레기통,2021-07-01
서울특별시,은평구,124,연서로75 서내과의원앞,일반 사각 쓰레기통,2021-07-01
서울특별시,은평구,125,연서로75 서내과의원앞,일반 사각 쓰레기통,2021-07-01
서울특별시,은평구,126,연서로37 역촌초교 버스정류장,일반 사각 쓰레기통,2021-07-01
서울특별시,은평구,127,은평터널로144 마을버스정류장,일반 사각 쓰레기통,2021-07-01
서울특별시,은평구,128,은평터널로145 카맨샵앞,일반 사각 쓰레기통,2021-07-01
서울특별시,은평구,129,은평터널로145 카맨샵앞,일반 사각 쓰레기통,2021-07-01
서울특별시,은평구,130,은평터널로51 은천교회앞,일반 사각 쓰레기통,2021-07-01
서울특별시,은평구,131,증산로393-1 서울낚시프라자앞,일반 사각 쓰레기통,2021-07-01
서울특별시,은평구,132,증산로393-1 서울낚시프라자앞,일반 사각 쓰레기통,2021-07-01
서울특별시,은평구,133,증산역 4번출구,일반 사각 쓰레기통,2021-07-01
서울특별시,은평구,134,증산역 4번출구,일반 사각 쓰레기통,2021-07-01
서울특별시,은평구,135,증산로299 파리바게뜨앞,일반 사각 쓰레기통,2021-07-01
서울특별시,은평구,136,증산로299 파리바게뜨앞,일반 사각 쓰레기통,2021-07-01
서울특별시,은평구,137,증산로253 피자헛앞,일반 사각 쓰레기통,2021-07-01
서울특별시,은평구,138,증산로253 피자헛앞,일반 사각 쓰레기통,2021-07-01
서울특별시,은평구,139,증산동177-24 증산중학교 버스정류장 (불광천),항아리형 쓰레기통,2021-07-01
서울특별시,은평구,140,증산역1~2번사이 환풍기,일반 사각 쓰레기통,2021-07-01
서울특별시,은평구,141,증산역 2번출구,항아리형 쓰레기통,2021-07-01
서울특별시,은평구,142,증산역 2번출구,항아리형 쓰레기통,2021-07-01
서울특별시,은평구,143,와산교 버스정류장 (불광천),항아리형 쓰레기통,2021-07-01
서울특별시,은평구,144,와산교 버스정류장 (불광천),항아리형 쓰레기통,2021-07-01
서울특별시,은평구,145,숭실고입구 버스정류장 (불광천),항아리형 쓰레기통,2021-07-01
서울특별시,은평구,146,숭실고입구 버스정류장 (불광천),항아리형 쓰레기통,2021-07-01
서울특별시,은평구,147,증산로 413건너편 (불광천),항아리형 쓰레기통,2021-07-01
서울특별시,은평구,148,증산로 413건너편 (불광천),항아리형 쓰레기통,2021-07-01
서울특별시,은평구,149,응암역 신사오거리 버스정류장 (불광천),항아리형 쓰레기통,2021-07-01
서울특별시,은평구,150,응암역 신사오거리 버스정류장 (불광천),항아리형 쓰레기통,2021-07-01
서울특별시,은평구,151,통일로 935 박석고개버스정류장,일반 사각 쓰레기통,2021-07-01
서울특별시,은평구,152,통일로 935 박석고개버스정류장,일반 사각 쓰레기통,2021-07-01
서울특별시,은평구,153,통일로925 모노마트,일반 사각 쓰레기통,2021-07-01
서울특별시,은평구,154,통일로925 모노마트,일반 사각 쓰레기통,2021-07-01
서울특별시,은평구,155,통일로 905 신한은행갈현지점앞,일반 사각 쓰레기통,2021-07-01
서울특별시,은평구,156,통일로 905 신한은행갈현지점앞,일반 사각 쓰레기통,2021-07-01
서울특별시,은평구,157,통일로 897 신한은행 앞,일반 사각 쓰레기통,2021-07-01
서울특별시,은평구,158,통일로 869 스타벅스앞,일반 사각 쓰레기통,2021-07-01
서울특별시,은평구,159,통일로 869 스타벅스앞,일반 사각 쓰레기통,2021-07-01
서울특별시,은평구,160,통일로861 연신내역 7번출구앞,일반 사각 쓰레기통,2021-07-01
서울특별시,은평구,161,통일로861 연신내역 7번출구앞,일반 사각 쓰레기통,2021-07-01
서울특별시,은평구,162,통일로 835 우리은행앞,일반 사각 쓰레기통,2021-07-01
서울특별시,은평구,163,통일로 835 우리은행앞,일반 사각 쓰레기통,2021-07-01
서울특별시,은평구,164,통일로 827 연신내역 버스정류장,일반 사각 쓰레기통,2021-07-01
서울특별시,은평구,165,통일로 827 연신내역 버스정류장,일반 사각 쓰레기통,2021-07-01
서울특별시,은평구,166,통일로 813 타이어뱅크앞,일반 사각 쓰레기통,2021-07-01
서울특별시,은평구,167,통일로 755 중앙사(명찰),일반 사각 쓰레기통,2021-07-01
서울특별시,은평구,168,통일로 713 우리은행불광지점,일반 사각 쓰레기통,2021-07-01
서울특별시,은평구,169,불광역3번출구,일반 사각 쓰레기통,2021-07-01
서울특별시,은평구,170,불광역3번출구,일반 사각 쓰레기통,2021-07-01
서울특별시,은평구,171,통일로 675 천사부동산앞,일반 사각 쓰레기통,2021-07-01
서울특별시,은평구,172,통일로 675 천사부동산앞,일반 사각 쓰레기통,2021-07-01
서울특별시,은평구,173,한국전력앞,일반 사각 쓰레기통,2021-07-01
서울특별시,은평구,174,한국전력앞,일반 사각 쓰레기통,2021-07-01
서울특별시,은평구,175,통일로627 대한적집자사 앞,일반 사각 쓰레기통,2021-07-01
서울특별시,은평구,176,녹번역 5번출구,일반 사각 쓰레기통,2021-07-01
서울특별시,은평구,177,녹번역 5번출구,일반 사각 쓰레기통,2021-07-01
서울특별시,은평구,178,통일로 599 녹번역 3번출구,일반 사각 쓰레기통,2021-07-01
서울특별시,은평구,179,통일로 599 녹번역 3번출구,일반 사각 쓰레기통,2021-07-01
서울특별시,은평구,180,통일로 610 녹번역 2번출구,일반 사각 쓰레기통,2021-07-01
서울특별시,은평구,181,통일로 610 녹번역 2번출구,일반 사각 쓰레기통,2021-07-01
서울특별시,은평구,182,통일로 610 녹번역 1번출구,일반 사각 쓰레기통,2021-07-01
서울특별시,은평구,183,통일로 610 녹번역 1번출구,일반 사각 쓰레기통,2021-07-01
서울특별시,은평구,184,한국전력건너편 횡단보도앞,일반 사각 쓰레기통,2021-07-01
서울특별시,은평구,185,한국전력건너편 횡단보도앞,일반 사각 쓰레기통,2021-07-01
서울특별시,은평구,186,통일로 684 서울혁신파크앞,일반 사각 쓰레기통,2021-07-01
서울특별시,은평구,187,통일로716 블랙야크 앞,일반 사각 쓰레기통,2021-07-01
서울특별시,은평구,188,통일로716 블랙야크 앞,일반 사각 쓰레기통,2021-07-01
서울특별시,은평구,189,"통일로750 불광역 3,6호선 경일빌딩 앞",일반 사각 쓰레기통,2021-07-01
서울특별시,은평구,190,힐스테이트 골든벨부동산 중앙차선,일반 사각 쓰레기통,2021-07-01
서울특별시,은평구,191,힐스테이트 골든벨부동산 중앙차선,일반 사각 쓰레기통,2021-07-01
서울특별시,은평구,192,통일로830 알레르망 앞,일반 사각 쓰레기통,2021-07-01
서울특별시,은평구,193,통일로838 올리비아로렌앞,일반 사각 쓰레기통,2021-07-01
서울특별시,은평구,194,통일로838 올리비아로렌앞,일반 사각 쓰레기통,2021-07-01
서울특별시,은평구,195,연신내역 1번출구,일반 사각 쓰레기통,2021-07-01
서울특별시,은평구,196,연신내역 1번출구,일반 사각 쓰레기통,2021-07-01
서울특별시,은평구,197,통일로 894 선일하이츠버스정류장,일반 사각 쓰레기통,2021-07-01
서울특별시,은평구,198,통일로 894 선일하이츠버스정류장,일반 사각 쓰레기통,2021-07-01
서울특별시,은평구,199,통일로 914 불광치안센터 앞,일반 사각 쓰레기통,2021-07-01
서울특별시,은평구,200,통일로 914 불광치안센터 앞,일반 사각 쓰레기통,2021-07-01
서울특별시,은평구,201,통일로 928 굿모닝부동산 앞,일반 사각 쓰레기통,2021-07-01
서울특별시,은평구,202,통일로 928 굿모닝부동산 앞,일반 사각 쓰레기통,2021-07-01
서울특별시,은평구,203,이마트은평점 버스정류장,일반 사각 쓰레기통,2021-07-01
서울특별시,은평구,204,역촌역 3번 출구,일반 사각 쓰레기통,2021-07-01
서울특별시,은평구,205,역촌역 3번 출구,일반 사각 쓰레기통,2021-07-01
서울특별시,은평구,206,진흥로197 올래KT직영점,일반 사각 쓰레기통,2021-07-01
서울특별시,은평구,207,진흥로197 올래KT직영점,일반 사각 쓰레기통,2021-07-01
서울특별시,은평구,208,진흥로113 창호유리앞,일반 사각 쓰레기통,2021-07-01
서울특별시,은평구,209,진흥로101 연세부동산앞,일반 사각 쓰레기통,2021-07-01
서울특별시,은평구,210,서부경찰서 후문 버스정류장,일반 사각 쓰레기통,2021-07-01
서울특별시,은평구,211,서부경찰서 후문 버스정류장,일반 사각 쓰레기통,2021-07-01
서울특별시,은평구,212,충암초교앞 대주피오레아파트,일반 사각 쓰레기통,2021-07-01
서울특별시,은평구,213,충암초교앞 대주피오레아파트,일반 사각 쓰레기통,2021-07-01
서울특별시,은평구,214,은평로 216 명성학원앞,일반 사각 쓰레기통,2021-07-01
서울특별시,은평구,215,은평로 216 명성학원앞,일반 사각 쓰레기통,2021-07-01
서울특별시,은평구,216,"신진과학기술고교, 이마트은평점 (아늠한약국 앞)",일반 사각 쓰레기통,2021-07-01
서울특별시,은평구,217,"신진과학기술고교, 이마트은평점 (아늠한약국 앞)",일반 사각 쓰레기통,2021-07-01
서울특별시,은평구,218,갈현로469-1 앞,일반 사각 쓰레기통,2021-07-01
서울특별시,은평구,219,갈현로469-1 앞,일반 사각 쓰레기통,2021-07-01
서울특별시,은평구,220,응암역 2번출구 (응암역 고물상회 앞),일반 사각 쓰레기통,2021-07-01
서울특별시,은평구,221,응암역 2번출구 (응암역 고물상회 앞),일반 사각 쓰레기통,2021-07-01
서울특별시,은평구,222,은평로23 앞,일반 사각 쓰레기통,2021-07-01
서울특별시,은평구,223,은평로23 앞,일반 사각 쓰레기통,2021-07-01
서울특별시,은평구,224,가좌로391 시티아파트 앞 (덕산중학교 시티아파트),일반 사각 쓰레기통,2021-07-01
서울특별시,은평구,225,가좌로391 시티아파트 앞 (덕산중학교 시티아파트),일반 사각 쓰레기통,2021-07-01
서울특별시,은평구,226,갈현로228 앞,일반 사각 쓰레기통,2021-07-01
서울특별시,은평구,227,갈현로228 앞,일반 사각 쓰레기통,2021-07-01
서울특별시,은평구,228,"연신내역 , 연서시장 (중앙차선)",일반 사각 쓰레기통,2021-07-01
서울특별시,은평구,229,"연신내역 , 연서시장 (중앙차선)",일반 사각 쓰레기통,2021-07-01
서울특별시,은평구,230,"동명여고, 천주교 불광성당 (중앙차선)",일반 사각 쓰레기통,2021-07-01
서울특별시,은평구,231,"동명여고, 천주교 불광성당 (중앙차선)",일반 사각 쓰레기통,2021-07-01
서울특별시,은평구,232,은평로217 앞,일반 사각 쓰레기통,2021-07-01
서울특별시,은평구,233,은평로217 앞,일반 사각 쓰레기통,2021-07-01
서울특별시,은평구,234,"덕은교, 은평차고지앞 버스정류장(12001)",일반 사각 쓰레기통,2021-07-01
서울특별시,은평구,235,"덕은교, 은평차고지앞 버스정류장(12001)",일반 사각 쓰레기통,2021-07-01
서울특별시,은평구,236,"덕은교, 은평차고지앞 버스정류장(12002)",일반 사각 쓰레기통,2021-07-01
서울특별시,은평구,237,"덕은교, 은평차고지앞 버스정류장(12002)",일반 사각 쓰레기통,2021-07-01
서울특별시,은평구,238,구파발역 2번출구 버스정류장(12111),일반 사각 쓰레기통,2021-07-01
서울특별시,은평구,239,구파발역 2번출구 버스정류장(12111),일반 사각 쓰레기통,2021-07-01
서울특별시,은평구,240,래미안909동앞 버스정류장(12436),일반 사각 쓰레기통,2021-07-01
서울특별시,은평구,241,래미안909동앞 버스정류장(12436),일반 사각 쓰레기통,2021-07-01
서울특별시,은평구,242,구파발역입구 버스정류장(12011),일반 사각 쓰레기통,2021-07-01
서울특별시,은평구,243,구파발역입구 버스정류장(12011),일반 사각 쓰레기통,2021-07-01
서울특별시,은평구,244,구파발역입구 버스정류장(12012),일반 사각 쓰레기통,2021-07-01
서울특별시,은평구,245,구파발역입구 버스정류장(12012),일반 사각 쓰레기통,2021-07-01
서울특별시,은평구,246,"불광역3,6호선 버스정류장(12021)",일반 사각 쓰레기통,2021-07-01
서울특별시,은평구,247,"불광역3,6호선 버스정류장(12021)",일반 사각 쓰레기통,2021-07-01
서울특별시,은평구,248,"불광역3,6호선 버스정류장(12022)",일반 사각 쓰레기통,2021-07-01
서울특별시,은평구,249,"불광역3,6호선 버스정류장(12022)",일반 사각 쓰레기통,2021-07-01
서울특별시,은평구,250,"불광역3호선, 서울혁신파크 버스정류장(12023)",일반 사각 쓰레기통,2021-07-01
서울특별시,은평구,251,"불광역3호선, 서울혁신파크 버스정류장(12023)",일반 사각 쓰레기통,2021-07-01
서울특별시,은평구,252,불광역6호선 독바위역 앞,일반 사각 쓰레기통,2021-07-01
서울특별시,은평구,253,불광역6호선 독바위역 앞,일반 사각 쓰레기통,2021-07-01
