연번,자치구명,도로(가로)명,세부 위치,설치 장소 유형,수거 쓰레기 종류,형태,설치연도,데이터기준일자
1,동작구청,노량진로 ,24길2(ID:20-157),버스정류장 옆,일반쓰레기,일반 사각 쓰레기통,2018년 이전,2024-07-29
2,동작구청,노량진로 ,248(노들지구대 앞),가로변,일반쓰레기,일반 사각 쓰레기통,2018년 이전,2024-07-29
3,동작구청,노량진로 ,노들역(ID:20-014),중앙차로,일반쓰레기,기타(원형),2018년 이전,2024-07-29
4,동작구청,노량진로 ,224(노량진우체국),가로변,일반쓰레기,일반 사각 쓰레기통,2018년 이전,2024-07-29
5,동작구청,노량진로 ,노들역(ID:20-013),중앙차로,재활용, 항아리형 쓰레기통,2018년 이전,2024-07-29
6,동작구청,노량진로 ,노들역(ID:20-013),중앙차로,일반쓰레기,기타(원형),2018년 이전,2024-07-29
7,동작구청,매봉로,165(수학원),가로변,재활용,일반 사각 쓰레기통,2020년 설치,2024-07-29
8,동작구청,매봉로,극동아파트 정류장(ID:20-745),마을버스 정류장 옆,재활용,일반 사각 쓰레기통,2020년 설치,2024-07-29
9,동작구청,매봉로,한신아파트(ID:20-869),마을버스 정류장 옆,재활용,일반 사각 쓰레기통,2020년 설치,2024-07-29
10,동작구청,노량진로 ,노량진역(ID:20-011),버스중앙차로,재활용, 항아리형 쓰레기통,2018년 이전,2024-07-29
11,동작구청,장승배기로,동작구청앞 버스정류장(ID:20-944),가로변,일반쓰레기,일반 사각 쓰레기통,2019년 설치,2024-07-29
12,동작구청,장승배기로,동작구청앞 버스정류장(ID:20-944),가로변,재활용,일반 사각 쓰레기통,2019년 설치,2024-07-29
13,동작구청,노량진로 ,172(GS 주유소 앞),가로변,재활용,일반 사각 쓰레기통,2020년 설치,2024-07-29
14,동작구청,매봉로,노량진역(ID:20-012),버스 정류장 옆,재활용,일반 사각 쓰레기통,2020년 설치,2024-07-29
15,동작구청,노량진로 ,191(사육신묘앞),가로변,일반쓰레기,일반 사각 쓰레기통,2020년 설치,2024-07-29
16,동작구청,노량진로 ,157-1 노량진역(ID:20-115),마을버스 정류장 옆,재활용,일반 사각 쓰레기통,2020년 설치,2024-07-29
17,동작구청,노량진로 ,16길 33,가로변,일반쓰레기,일반 사각 쓰레기통,2018년 이전,2024-07-29
18,동작구청,노량진로 ,223,가로변,일반쓰레기,일반 사각 쓰레기통,2018년 이전,2024-07-29
19,동작구청,만양로 ,112(다이소 앞),가로변,일반쓰레기,일반 사각 쓰레기통,2020년 설치,2024-07-29
20,동작구청,만양로 ,노량진동 116-2(한성주창장앞),가로변,일반쓰레기,일반 사각 쓰레기통,2018년 이전,2024-07-29
21,동작구청,장승배기로,143-1,가로변,일반쓰레기,일반 사각 쓰레기통,2019년 설치,2024-07-29
22,동작구청,장승배기로,143-1,가로변,재활용,일반 사각 쓰레기통,2019년 설치,2024-07-29
23,동작구청,장승배기로,102(나이스가이 헤어숍),가로변,일반쓰레기,일반 사각 쓰레기통,2019년 설치,2024-07-29
24,동작구청,장승배기로,102(나이스가이 헤어숍),가로변,재활용,일반 사각 쓰레기통,2019년 설치,2024-07-29
25,동작구청,노량진로 ,노량진수산시장(ID:20-009),버스 중앙차로,재활용, 항아리형 쓰레기통,2018년 이전,2024-07-29
26,동작구청,장승배기로,11가길11(장승배기역5번출구 옆),가로변,재활용, 항아리형 쓰레기통,2018년 이전,2024-07-29
27,동작구청,노량진로 ,124,가로변,일반쓰레기,일반 사각 쓰레기통,2018년 이전,2024-07-29
28,동작구청,노량진로 ,96(세븐일레븐 앞),가로변,재활용,일반 사각 쓰레기통,2020년 설치,2024-07-29
29,동작구청,장승배기로,160(노량진초등학교 앞),가로변,일반쓰레기,일반 사각 쓰레기통,2018년 이전,2024-07-29
30,동작구청,노량진로 ,노량진수산시장(ID:20-010),버스 중앙차로,재활용, 항아리형 쓰레기통,2018년 이전,2024-07-29
31,동작구청,장승배기로,128(기업은행 앞),가로변,재활용,일반 사각 쓰레기통,2019년 설치,2024-07-29
32,동작구청,장승배기로,128(기업은행 앞),가로변,일반쓰레기,일반 사각 쓰레기통,2019년 설치,2024-07-29
33,동작구청,노량진로 ,노량진로 152-1(해박난치과),가로변,일반쓰레기,일반 사각 쓰레기통,2019년 설치,2024-07-29
34,동작구청,노량진로 ,노량진로 152-1(해박난치과),가로변,재활용,일반 사각 쓰레기통,2019년 설치,2024-07-29
35,동작구청,상도로,53길39(ID:20-244),마을버스 정류장 옆,일반쓰레기,일반 사각 쓰레기통,2019년 설치,2024-07-29
36,동작구청,상도로,53길39(ID:20-244),마을버스 정류장 옆,재활용,일반 사각 쓰레기통,2019년 설치,2024-07-29
37,동작구청,양녕로,268,가로변,일반쓰레기,일반 사각 쓰레기통,2018년 이전,2024-07-29
38,동작구청,서달로,1길17 동양아파트(ID:20-917),가로변,일반쓰레기,일반 사각 쓰레기통,2018년 이전,2024-07-29
39,동작구청,상도로,357(ID:20-166),버스 정류장 옆,재활용, 항아리형 쓰레기통,2018년 이전,2024-07-29
40,동작구청,상도로,봉현초등학교(ID:20-167),버스 정류장 옆,일반쓰레기,일반 사각 쓰레기통,2018년 이전,2024-07-29
41,동작구청,상도로,383-1 ,가로변,일반쓰레기,일반 사각 쓰레기통,2018년 이전,2024-07-29
42,동작구청,상도로,357(ID:20-165),가로변,일반쓰레기,일반 사각 쓰레기통,2018년 이전,2024-07-29
43,동작구청,상도로,364-1(ID:20-165),가로변,재활용, 항아리형 쓰레기통,2018년 이전,2024-07-29
44,동작구청,사당로,22(ID:20-169),버스 정류장 옆,일반쓰레기,일반 사각 쓰레기통,2018년 이전,2024-07-29
45,동작구청,상도로,352,가로변,일반쓰레기,일반 사각 쓰레기통,2018년 이전,2024-07-29
46,동작구청,상도로,267(상도역3번출구 옆),가로변,재활용,일반 사각 쓰레기통,2019년 설치,2024-07-29
47,동작구청,상도로,267(상도역3번출구 옆),가로변,일반쓰레기,일반 사각 쓰레기통,2019년 설치,2024-07-29
48,동작구청,만양로 ,6(백두공인중개사),가로변,일반쓰레기,일반 사각 쓰레기통,2018년 이전,2024-07-29
49,동작구청,사당로,숭실대별관앞(ID:20-172),버스 정류장 옆,일반쓰레기,일반 사각 쓰레기통,2018년 이전,2024-07-29
50,동작구청,상도로,134,가로변,일반쓰레기,일반 사각 쓰레기통,2018년 이전,2024-07-29
51,동작구청,양녕로,269-1,가로변,일반쓰레기/재활용,특수형태(광고판 일체형)쓰레기통,2024년 신규(대체),2024-07-29
52,동작구청,상도로,156,가로변,일반쓰레기,일반 사각 쓰레기통,2019년 설치,2024-07-29
53,동작구청,상도로,156,가로변,재활용,일반 사각 쓰레기통,2019년 설치,2024-07-29
54,동작구청,장승배기로,73(상도치안센타 옆),마을버스 정류장 옆,일반쓰레기,일반 사각 쓰레기통,2020년 설치,2024-07-29
55,동작구청,장승배기로,73(상도치안센타 옆),마을버스 정류장 옆,재활용,일반 사각 쓰레기통,2018년 이전,2024-07-29
56,동작구청,장승배기로,78,가로변,일반쓰레기,일반 사각 쓰레기통,2018년 이전,2024-07-29
57,동작구청,상도로,147,가로변,일반쓰레기,일반 사각 쓰레기통,2018년 이전,2024-07-29
58,동작구청,상도로,181,가로변,일반쓰레기,일반 사각 쓰레기통,2018년 이전,2024-07-29
59,동작구청,상도로,동작보건소(ID:20-153),버스 정류장 옆,일반쓰레기,일반 사각 쓰레기통,2018년 이전,2024-07-29
60,동작구청,양녕로,경향렉스빌(ID:20-222),마을버스 정류장 옆,일반쓰레기,일반 사각 쓰레기통,2018년 이전,2024-07-29
61,동작구청,상도로,83(신한은행 앞),가로변,재활용, 항아리형 쓰레기통,2018년 이전,2024-07-29
62,동작구청,상도로,94(주작나무 한의원 앞),가로변,일반쓰레기,일반 사각 쓰레기통,2018년 이전,2024-07-29
63,동작구청,상도로,94(주작나무 한의원 앞),가로변,재활용, 항아리형 쓰레기통,2018년 이전,2024-07-29
64,동작구청,보라매로,104(왕세숫대야냉면),가로변,일반쓰레기,일반 사각 쓰레기통,2018년 이전,2024-07-29
65,동작구청,보라매로,93(통삼겹구이 앞),가로변,재활용,항아리형 쓰레기통,2018년 이전,2024-07-29
66,동작구청,보라매로,101(삼거리 왕만두),가로변,일반쓰레기,일반 사각 쓰레기통,2018년 이전,2024-07-29
67,동작구청,상도로,서울공업고등학교(ID:20-144),버스 정류장 옆,일반쓰레기,일반 사각 쓰레기통,2019년 설치,2024-07-29
68,동작구청,상도로,서울공업고등학교(ID:20-144),버스 정류장 옆,재활용,일반 사각 쓰레기통,2019년 설치,2024-07-29
69,동작구청,상도로,16,가로변,재활용,일반 사각 쓰레기통,2019년 설치,2024-07-29
70,동작구청,상도로,16,가로변,일반쓰레기,일반 사각 쓰레기통,2019년 설치,2024-07-29
71,동작구청,여의대방로, 강남중학교(ID: 20-006),버스 중앙차로,일반쓰레기,일반 사각 쓰레기통,2020년 설치,2024-07-29
72,동작구청,여의대방로, 강남중학교(ID: 20-006),버스 중앙차로,재활용,일반 사각 쓰레기통,2020년 설치,2024-07-29
73,동작구청,여의대방로,22 우성아파트(ID:20-927),마을버스 정류장 옆,재활용,일반 사각 쓰레기통,2020년 설치,2024-07-29
74,동작구청,여의대방로,22 우성아파트(ID:20-927),마을버스 정류장 옆,일반쓰레기,일반 사각 쓰레기통,2020년 설치,2024-07-29
75,동작구청,여의대방로,교수아파트(ID:20-928),버스정류장 옆,일반쓰레기,일반 사각 쓰레기통,2018년 이전,2024-07-29
76,동작구청,여의대방로,교수아파트(ID:20-928),버스정류장 옆,재활용,일반 사각 쓰레기통,2020년 설지,2024-07-29
77,동작구청,신대방2길,2-5(ID:20-207),마을버스 정류장 옆,일반쓰레기,일반 사각 쓰레기통,2020년 설치,2024-07-29
78,동작구청,신대방2길,2-5(ID:20-207),마을버스 정류장 옆,재활용,일반 사각 쓰레기통,2020년 설치,2024-07-29
79,동작구청,알마타길,6(ID:20-107),가로변,재활용,일반 사각 쓰레기통,2019년 설치,2024-07-29
80,동작구청,알마타길,6(ID:20-107),가로변,일반쓰레기,일반 사각 쓰레기통,2019년 설치,2024-07-29
81,동작구청,여의대방로,동작상떼빌아파트(ID:20-001),버스 중앙차로,일반쓰레기,기타(원형),2018년 이전,2024-07-29
82,동작구청,등용로,123(대방할인마트 앞),가로변,일반쓰레기,일반 사각 쓰레기통,2020년 설치,2024-07-29
83,동작구청,등용로,123(대방할인마트 앞),가로변,재활용,일반 사각 쓰레기통,2020년 설치,2024-07-29
84,동작구청,노량진로 ,현대아파트(ID:20-007),버스중앙차로,일반쓰레기,기타(원형),2018년 이전,2024-07-29
85,동작구청,노량진로 ,현대아파트유한양행(ID:20-008),버스중앙차로,일반쓰레기,일반 사각 쓰레기통,2018년 이전,2024-07-29
86,동작구청,등용로,40(ID:20-593),마을버스 정류장 옆,일반쓰레기,일반 사각 쓰레기통,2020년 설치,2024-07-29
87,동작구청,서달로,15길 8-12(흑석역4번출구),지하철 9호선 옆,재활용,일반 사각 쓰레기통,2018년 이전,2024-07-29
88,동작구청,서달로,15길 8-12(흑석역4번출구),지하철 9호선 옆,일반쓰레기,일반 사각 쓰레기통,2020년 설치,2024-07-29
89,동작구청,현충로,124(조선일보뉴지엄),가로변,일반쓰레기,일반 사각 쓰레기통,2018년 이전,2024-07-29
90,동작구청,현충로2길,흑석동 효사정 앞(ID:20-123),버스 정류장 옆,일반쓰레기,일반 사각 쓰레기통,2018년 이전,2024-07-29
91,동작구청,현충로,108,가로변,일반쓰레기,일반 사각 쓰레기통,2018년 이전,2024-07-29
92,동작구청,현충로2길,동작실버센터입구(ID:20-251),버스 정류장 옆,일반쓰레기,일반 사각 쓰레기통,2018년 이전,2024-07-29
93,동작구청,현충로2길,4 효사정 앞(ID:20-124),버스 정류장 옆,일반쓰레기,일반 사각 쓰레기통,2018년 이전,2024-07-29
94,동작구청,현충로,151(ID:20-130),버스 정류장 옆,일반쓰레기,일반 사각 쓰레기통,2018년 이전,2024-07-29
95,동작구청,현충로,111(ID:20-127), 버스 정류장 옆,일반쓰레기,일반 사각 쓰레기통,2018년 이전,2024-07-29
96,동작구청,서달로,158,가로변,재활용,일반 사각 쓰레기통,2019년 설치,2024-07-29
97,동작구청,서달로,158,가로변,일반쓰레기,일반 사각 쓰레기통,2019년 설치,2024-07-29
98,동작구청,동작대로,경문고등학교(ID:22-031),중앙차로,일반쓰레기,일반 사각 쓰레기통,2018년 이전,2024-07-29
99,동작구청,동작대로,경문고등학교(ID:22-031),중앙차로,일반쓰레기,일반 사각 쓰레기통,2018년 이전,2024-07-29
100,동작구청,동작대로,경문고교 배나무골앞(ID:20-017),중앙차로,일반쓰레기,일반 사각 쓰레기통,2018년 이전,2024-07-29
101,동작구청,동작대로,171(경문고앞),가로변,일반쓰레기,일반 사각 쓰레기통,2018년 이전,2024-07-29
102,동작구청,동작대로,정금마을(ID:22-033),중앙차로,일반쓰레기,일반 사각 쓰레기통,2018년 이전,2024-07-29
103,동작구청,동작대로,정금마을 방배경찰서(ID:20-016),중앙차로,일반쓰레기,일반 사각 쓰레기통,2018년 이전,2024-07-29
104,동작구청,동작대로,235 깨마을(ID:20-015),버스 중앙차로,일반쓰레기,일반 사각 쓰레기통,2018년 이전,2024-07-29
105,동작구청,동작대로,235 깨마을(ID:20-015),버스 중앙차로,일반쓰레기,일반 사각 쓰레기통,2018년 이전,2024-07-29
106,동작구청,동작대로,239,가로변,일반쓰레기,일반 사각 쓰레기통,2018년 이전,2024-07-29
107,동작구청,동작동,국립현충원((ID:20-133),버스 정류장 옆,일반쓰레기,일반 사각 쓰레기통,2020년 설치,2024-07-29
108,동작구청,동작동,국립현충원((ID:20-134),버스 정류장 옆,재활용,일반 사각 쓰레기통,2020년 설치,2024-07-29
109,동작구청,동작동,국립현충원((ID:20-134),버스 정류장 옆,일반쓰레기,일반 사각 쓰레기통,2020년 설치,2024-07-29
110,동작구청,동작대로,남성시장(ID:20-018),버스중앙차로,재활용,일반 사각 쓰레기통,2019년 설치,2024-07-29
111,동작구청,동작대로,남성시장(ID:20-018),버스중앙차로,일반쓰레기,일반 사각 쓰레기통,2019년 설치,2024-07-29
112,동작구청,동작대로,남성시장(ID:22-029),버스중앙차로,재활용,일반 사각 쓰레기통,2020년 설치,2024-07-29
113,동작구청,동작대로,남성시장(ID:22-029),버스중앙차로,일반쓰레기,일반 사각 쓰레기통,2018년 이전,2024-07-29
114,동작구청,동작대로,101(다비치안경 앞),가로변,일반쓰레기,일반 사각 쓰레기통,2019년 설치,2024-07-29
115,동작구청,동작대로,101(다비치안경 앞),가로변,재활용,일반 사각 쓰레기통,2019년 설치,2024-07-29
116,동작구청,동작대로  ,121(미샤 앞),가로변,일반쓰레기,일반 사각 쓰레기통,2020년 설치,2024-07-29
117,동작구청,동작대로  ,121(미샤 앞),가로변,재활용,일반 사각 쓰레기통,2020년 설치,2024-07-29
118,동작구청,사당로,23길2(세븐일레븐 앞),가로변,일반쓰레기,일반 사각 쓰레기통,2018년 이전,2024-07-29
119,동작구청,사당로,사당시장(ID:20-180),버스 정류장 옆,일반쓰레기,일반 사각 쓰레기통,2018년 이전,2024-07-29
120,동작구청,사당로,219(남성역 4번출구),지하철(7호선) 앞,재활용,일반 사각 쓰레기통,2020년 설치,2024-07-29
121,동작구청,사당로,9가길 55(ID:20-177),버스 정류장 옆,재활용,일반 사각 쓰레기통,2018년 이전,2024-07-29
122,동작구청,사당로,남성역(ID:20-178),버스 정류장 옆,일반쓰레기,일반 사각 쓰레기통,2018년 이전,2024-07-29
123,동작구청,사당로,300(ID: 20-184),버스 정류장 옆,일반쓰레기,일반 사각 쓰레기통,2020년 설치,2024-07-29
124,동작구청,사당로,300(ID: 20-184),버스 정류장 옆,재활용,일반 사각 쓰레기통,2020년 설치,2024-07-29
125,동작구청,사당로,254(ID:20-252),버스정류장 옆,일반쓰레기,일반 사각 쓰레기통,2018년 이전,2024-07-29
126,동작구청,사당로,138(사당지구대 앞),버스정류장 옆,재활용,일반 사각 쓰레기통,2020년 설치,2024-07-29
127,동작구청,사당로,138(사당지구대 앞),가로변,일반쓰레기,일반 사각 쓰레기통,2018년 이전,2024-07-29
128,동작구청,동작대로,19(한국전력 앞),지하철 옆,재활용,일반 사각 쓰레기통,2020년 설치,2024-07-29
129,동작구청,동작대로,19(한국전력 앞),지하철 옆,일반쓰레기,일반 사각 쓰레기통,2020년 설치,2024-07-29
130,동작구청,동작대로,27(IBK기업은행 앞),가로변,일반쓰레기,일반 사각 쓰레기통,2020년 설치,2024-07-29
131,동작구청,동작대로,67(더본병원 앞),가로변,일반쓰레기,일반 사각 쓰레기통,2018년 이전,2024-07-29
132,동작구청,동작대로,방배노인복지관 (ID: 20-020),버스 중앙차로,일반쓰레기,일반 사각 쓰레기통,2020년 설치,2024-07-29
133,동작구청,동작대로,이수역(ID:20-027),버스 정류장 옆,일반쓰레기,일반 사각 쓰레기통,2018년 이전,2024-07-29
134,동작구청,동작대로,사당동우체국앞(ID:20-019),가로변,일반쓰레기,일반 사각 쓰레기통,2018년 이전,2024-07-29
135,동작구청,남부순환로,천수공원앞(사당역7번출구),가로변,일반쓰레기,일반 사각 쓰레기통,2019년 설치,2024-07-29
136,동작구청,남부순환로,천수공원앞(사당역7번출구),가로변,재활용,일반 사각 쓰레기통,2019년 설치,2024-07-29
137,동작구청,남부순환로,2019,가로변,일반쓰레기,일반 사각 쓰레기통,2018년 이전,2024-07-29
138,동작구청,남부순환로,2069,가로변,일반쓰레기,일반 사각 쓰레기통,2018년 이전,2024-07-29
139,동작구청,흑석로,106-5 ,가로변,일반쓰레기,일반 사각 쓰레기통,2018년 이전,2024-07-29
140,동작구청,흑석로,106-5 ,가로변,재활용,일반 사각 쓰레기통,2020년 신규,2024-07-29
141,동작구청,흑석로, 108(신한은행),버스정류장 옆,일반쓰레기,일반 사각 쓰레기통,2018년 이전,2024-07-29
142,동작구청,노량진로,114-5(올리브 영),가로변,일반쓰레기,일반 사각 쓰레기통,2021년 신규,2024-07-29
143,동작구청,노량진로,114-5(올리브 영),가로변,재활용,일반 사각 쓰레기통,2021년 신규,2024-07-29
144,동작구청,노량진로,114-5(올리브 영),가로변,재활용,일반 사각 쓰레기통,2021년 신규,2024-07-29
145,동작구청,노량진로,114-5(올리브 영),가로변,재활용,일반 사각 쓰레기통,2021년 신규,2024-07-29
146,동작구청,만양로,만양로3길20 신동아리버파크,가로변,일반쓰레기,일반 사각 쓰레기통,2021년 신규,2024-07-29
147,동작구청,노량진로,노들역앞 정류장(ID:20-247),버스정류장 옆,일반쓰레기,일반 사각 쓰레기통,2021년 신규,2024-07-29
148,동작구청,만양로,강남교회 앞 정류장(ID:20-819),버스정류장 옆,일반쓰레기,일반 사각 쓰레기통,2021년 신규,2024-07-29
149,동작구청,노량진로,노량진역앞 7번출구,지하철역 앞,일반쓰레기,일반 사각 쓰레기통,2021년 신규,2024-07-29
150,동작구청,노량진로,노량진로 223(ID:20-121),가로변,재활용,일반 사각 쓰레기통,2021년 신규,2024-07-29
151,동작구청,노량진로,노량진로 223(ID:20-121),가로변,일반쓰레기,일반 사각 쓰레기통,2018년 이전,2024-07-29
152,동작구청,사당로,사당로 285(이디야 커피숍 앞),가로변,일반쓰레기,일반 사각 쓰레기통,2021년 신규,2024-07-29
153,동작구청,사당로,사당로 285(이디야 커피숍 앞),가로변,재활용,일반 사각 쓰레기통,2020년 설치,2024-07-29
154,동작구청,남부순환로,태평백화점 앞,가로변,일반쓰레기,일반 사각 쓰레기통,2021년 신규,2024-07-29
155,동작구청,동작대로,태평백화점 앞,가로변,재활용,일반 사각 쓰레기통,2021년 신규,2024-07-29
156,동작구청,동작대로,태평백화점 앞,가로변,재활용,일반 사각 쓰레기통,2021년 신규,2024-07-29
157,동작구청,동작대로,태평백화점 앞,가로변,재활용,일반 사각 쓰레기통,2021년 신규,2024-07-29
158,동작구청,남부순환로,남부순환로 2057(다이소 앞),가로변,일반쓰레기/재활용,특수형태(광고판 일체형)쓰레기통,2024년 신규(대체),2024-07-29
159,동작구청,남부순환로,남부순환로 2057(다이소 앞),가로변,재활용,일반 사각 쓰레기통,2020년 설치,2024-07-29
160,동작구청,사당로,총신대(ID:20-174),버스 정류장 옆,일반쓰레기,일반 사각 쓰레기통,2018년 이전,2024-07-29
161,동작구청,사당로,총신대(ID:20-174),버스 정류장 옆,재활용,일반 사각 쓰레기통,2021년 신규,2024-07-29
162,동작구청,사당로,172(새마을금고 앞),가로변,재활용,일반 사각 쓰레기통,2021년 신규,2024-07-29
163,동작구청,사당로,172(새마을금고 앞),가로변,일반쓰레기,일반 사각 쓰레기통,2018년 이전,2024-07-29
164,동작구청,사당로,남성초등학교(ID:20-496),버스정류장 옆,일반쓰레기,일반 사각 쓰레기통,2021년 신규,2024-07-29
165,동작구청,사당로,194(ID:20-600),버스정류장 옆,재활용,일반 사각 쓰레기통,2021년 신규,2024-07-29
166,동작구청,사당로,194(ID:20-600),버스정류장 옆,일반쓰레기,일반 사각 쓰레기통,2018년 이전,2024-07-29
167,동작구청,대림로,대림로 14(ID:20-208),버스정류장 옆,일반쓰레기,일반 사각 쓰레기통,2021년 신규,2024-07-29
168,동작구청,대림로,대림로 14(ID:20-208),버스정류장 옆,재활용,일반 사각 쓰레기통,2021년 신규,2024-07-29
169,동작구청,등용로,등용로 96(ID:20-106),버스정류장 옆,일반쓰레기,일반 사각 쓰레기통,2021년 신규,2024-07-29
170,동작구청,등용로,등용로96(ID:20-106),가로변,재활용,일반 사각 쓰레기통,2021년 신규,2024-07-29
171,동작구청,시흥대로,658(올리브 영 앞),가로변,일반쓰레기,일반 사각 쓰레기통,2021년 신규,2024-07-29
172,동작구청,여의대방로,126,가로변,일반쓰레기,일반 사각 쓰레기통,2021년 신규,2024-07-29
173,동작구청,양녕로,177(ID:20-892),마을버스 정류장 옆,일반쓰레기,일반 사각 쓰레기통,2021년 신규,2024-07-29
174,동작구청,상도로,53길 70(세븐일레븐 옆),가로변,재활용,일반 사각 쓰레기통,2021년 신규,2024-07-29
175,동작구청,상도로,상도시장(ID:20-161),가로변,재활용,일반 사각 쓰레기통,2021년 신규,2024-07-29
176,동작구청,상도로,321(동진빌딩 앞),가로변,재활용,일반 사각 쓰레기통,2021년 신규,2024-07-29
177,동작구청,상도로,상도로 357(ID:20-166),버스정류장 옆,재활용,일반 사각 쓰레기통,2021년 신규,2024-07-29
178,동작구청,상도로,상도로 357(ID:20-166),버스정류장 옆,일반쓰레기,일반 사각 쓰레기통,2018년 이전,2024-07-29
179,동작구청,사당로,숭실대정문앞(ID:20-170),버스정류장 옆,재활용,일반 사각 쓰레기통,2021년 신규,2024-07-29
180,동작구청,상도로,숭실대입구역(ID:20-166),가로변,일반쓰레기,일반 사각 쓰레기통,2021년 신규,2024-07-29
181,동작구청,상도로,중앙하이츠빌 아파트(ID:20-162),버스정류장 옆,일반쓰레기,일반 사각 쓰레기통,2021년 신규,2024-07-29
182,동작구청,상도로,상도시장(ID:20-160),버스정류장 옆,일반쓰레기,일반 사각 쓰레기통,2021년 신규,2024-07-29
183,동작구청,장승배기로,16-1,가로변,일반쓰레기,일반 사각 쓰레기통,2021년 신규,2024-07-29
184,동작구청,노량진로 ,147(노량진역 8번출구 앞),가로변,재활용,항아리형 쓰레기통,2018년 이전,2024-07-29
185,동작구청,동작대로,101(이수역 11번 출구),지하철역 입구,일반쓰레기/재활용,특수형태(광고판 일체형)쓰레기통,2023년 신규,2024-07-29
186,동작구청,동작대로,13(사당역 9번 출구),지하철역 입구,일반쓰레기/재활용,특수형태(광고판 일체형)쓰레기통,2023년 신규,2024-07-29
187,동작구청,사당동,1043-14(사당역 7번 출구),"광장, 공원",일반쓰레기/재활용,특수형태(광고판 일체형)쓰레기통,2023년 신규,2024-07-29
188,동작구청,상도로,69(신대방삼거리역 5번 출구),지하철역 입구,일반쓰레기/재활용,특수형태(광고판 일체형)쓰레기통,2023년 신규,2024-07-29
189,동작구청,시흥대로,606,도로변,일반쓰레기/재활용,특수형태(광고판 일체형)쓰레기통,2023년 신규,2024-07-29
190,동작구청,노량진로,146(노량진역 3번 출구),지하철역 입구,일반쓰레기/재활용,특수형태(광고판 일체형)쓰레기통,2023년 신규,2024-07-29
191,동작구청,상도로,364-1(숭실대역 2번 출구 버스정류장),정류소,일반쓰레기/재활용,특수형태(광고판 일체형)쓰레기통,2023년 신규,2024-07-29
192,동작구청,상도로,369(숭실대역 3번 출구 버스정류장),정류소,일반쓰레기/재활용,특수형태(광고판 일체형)쓰레기통,2023년 신규,2024-07-29
193,동작구청,장승배기로,161(동작구청 정문 앞 버스정류장),정류소,일반쓰레기/재활용,특수형태(광고판 일체형)쓰레기통,2023년 신규,2024-07-29
194,동작구청,상도동,902(장승배기역 5번 출구),지하철역 입구,일반쓰레기/재활용,특수형태(광고판 일체형)쓰레기통,2023년 신규,2024-07-29
195,동작구청,남부순환로,2057,도로변,일반쓰레기/재활용,특수형태(광고판 일체형)쓰레기통,2024년 신규,2024-07-29
196,동작구청,사당로,254,도로변,일반쓰레기/재활용,특수형태(광고판 일체형)쓰레기통,2024년 신규,2024-07-29
197,동작구청,사당로,13길 31(남성역 3번 출구),지하철역 입구,일반쓰레기/재활용,특수형태(광고판 일체형)쓰레기통,2024년 신규,2024-07-29
198,동작구청,양녕로,269-1,도로변,일반쓰레기/재활용,특수형태(광고판 일체형)쓰레기통,2024년 신규,2024-07-29
199,동작구청,양녕로,268,도로변,일반쓰레기/재활용,특수형태(광고판 일체형)쓰레기통,2024년 신규,2024-07-29
200,동작구청,상도로,181,지하철역 입구,일반쓰레기/재활용,특수형태(광고판 일체형)쓰레기통,2024년 신규,2024-07-29
201,동작구청,장승배기로,73(상도2동 치안센터 옆),지하철역 입구,일반쓰레기/재활용,특수형태(광고판 일체형)쓰레기통,2024년 신규,2024-07-29
202,동작구청,만양로,6,도로변,일반쓰레기/재활용,특수형태(광고판 일체형)쓰레기통,2024년 신규,2024-07-29
,,,,,,,,
,,,,,,,,
,,,,,,,,
,,,,,,,,
,,,,,,,,
,,,,,,,,
,,,,,,,,
,,,,,,,,
