연번,자치구명,도로(가로)명,세부 위치,설치 장소 유형,수거 쓰레기 종류,형태,설치연도,수거 담당자,데이터기준일
1,강북구,삼양로,삼양로 372 원헤어샵 앞,도로변(횡단보도 포함),일반쓰레기,일반 사각,2015년 이전,환경공무관,2025-08-02
2,강북구,삼양로,삼양로 335 수유보건지소,도로변(횡단보도 포함),일반쓰레기,일반 사각,2015년 이전,환경공무관,2025-08-02
3,강북구,삼양로,삼양로 293 빨래골입구. 수유1동 주민센터 버스정류장(09-158),정류소(버스 가로변),일반쓰레기,일반 사각,2015년 이전,환경공무관,2025-08-02
4,강북구,솔샘로,솔샘로 264 버스정류장(09-171),정류소(버스 가로변),일반쓰레기,일반 사각,2015년 이전,환경공무관,2025-08-02
5,강북구,인수봉로,인수봉로 289 사브리나 애견샵 앞 인수동백운교회입구 버스정류장(09-114) ,정류소(버스 가로변),일반쓰레기,일반 사각,2015년 이전,환경공무관,2025-08-02
6,강북구,인수봉로,인수봉로 75길 10버스정류장(09-566),정류소(버스 가로변),일반쓰레기,일반 사각,2015년 이전,환경공무관,2025-08-02
7,강북구,인수봉로,인수봉로 255 인수동주민센터 앞,도로변(횡단보도 포함),일반쓰레기,일반 사각,2015년 이전,환경공무관,2025-08-02
8,강북구,인수봉로,인수봉로 239 버스정류장(09-118),정류소(버스 가로변),일반쓰레기,일반 사각,2015년 이전,환경공무관,2025-08-02
9,강북구,삼양로,삼양로99길 36 버스정류장(09-131),정류소(버스 가로변),일반쓰레기,일반 사각,2015년 이전,환경공무관,2025-08-02
10,강북구,삼양로,삼양로99길 36 버스정류장(09-131),정류소(버스 가로변),일반쓰레기,일반 사각,2015년 이전,환경공무관,2025-08-02
11,강북구,인수봉로,인수봉로 139 수유중학교 혜화여고 버스정류장(09-211),정류소(버스 가로변),일반쓰레기,일반 사각,2015년 이전,환경공무관,2025-08-02
12,강북구,인수봉로,인수봉로 139 수유중학교 혜화여고 버스정류장(09-211),정류소(버스 가로변),재활용쓰레기,일반 사각,2015년 이전,환경공무관,2025-08-02
13,강북구,미아동,"미아동 137 중앙버스정류소 도봉세무서,성북시장(09-010)",정류소(버스 중앙차로),일반쓰레기,일반 사각,2015년 이전,환경공무관,2025-08-02
14,강북구,미아동,"미아동 137 중앙버스정류소 도봉세무서,성북시장(09-010)",정류소(버스 중앙차로),재활용쓰레기,일반 사각,2015년 이전,환경공무관,2025-08-02
15,강북구,도봉로,도봉로 352 중앙 안경 앞(효성네오인텔리안),도로변(횡단보도 포함),일반쓰레기,일반 사각,2015년 이전,환경공무관,2025-08-02
16,강북구,도봉로,도봉로 352 중앙 안경 앞(효성네오인텔리안),도로변(횡단보도 포함),재활용쓰레기,일반 사각,2015년 이전,환경공무관,2025-08-02
17,강북구,도봉로,도봉로 364 신한은행 강북금융센터 앞,도로변(횡단보도 포함),일반쓰레기,일반 사각,2015년 이전,환경공무관,2025-08-02
18,강북구,도봉로,도봉로 364 신한은행 강북금융센터 앞,도로변(횡단보도 포함),재활용쓰레기,일반 사각,2015년 이전,환경공무관,2025-08-02
19,강북구,도봉로,도봉로 363 kt 일등통신 수유점 앞,도로변(횡단보도 포함),일반쓰레기,일반 사각,2015년 이전,환경공무관,2025-08-02
20,강북구,도봉로,도봉로 363 kt 일등통신 수유점 앞,도로변(횡단보도 포함),재활용쓰레기,일반 사각,2015년 이전,환경공무관,2025-08-02
21,강북구,한천로,한천로 1044 강북구청 버스정류장(09-147),정류소(버스 가로변),일반쓰레기,일반 사각,2015년 이전,환경공무관,2025-08-02
22,강북구,한천로,한천로 1044 강북구청 버스정류장(09-147),정류소(버스 가로변),재활용쓰레기,일반 사각,2015년 이전,환경공무관,2025-08-02
23,강북구,한천로,한천로 1093 서울우유농협 수유동지점,도로변(횡단보도 포함),일반쓰레기,일반 사각,2015년 이전,환경공무관,2025-08-02
24,강북구,한천로,한천로 1093 서울우유농협 수유동지점,도로변(횡단보도 포함),재활용쓰레기,일반 사각,2015년 이전,환경공무관,2025-08-02
25,강북구,한천로,한천로 1151 강북청년창업마루 버스정류장(09-125),정류소(버스 가로변),일반쓰레기,일반 사각,2015년 이전,환경공무관,2025-08-02
26,강북구,한천로,한천로 1151 강북청년창업마루 버스정류장(09-125),정류소(버스 가로변),재활용쓰레기,일반 사각,2015년 이전,환경공무관,2025-08-02
27,강북구,한천로,한천로 935 북부수도사업소 버스정류장(09-154),정류소(버스 가로변),일반쓰레기,일반 사각,2015년 이전,환경공무관,2025-08-02
28,강북구,한천로,한천로 935 북부수도사업소 버스정류장(09-154),정류소(버스 가로변),재활용쓰레기,일반 사각,2015년 이전,환경공무관,2025-08-02
29,강북구,한천로,한천로 911 건너편강북소방서 건너편,도로변(횡단보도 포함),일반쓰레기,일반 사각,2015년 이전,환경공무관,2025-08-02
30,강북구,한천로,한천로 911 건너편강북소방서 건너편,도로변(횡단보도 포함),재활용쓰레기,일반 사각,2015년 이전,환경공무관,2025-08-02
31,강북구,한천로,한천로 911 강북소방서 앞,도로변(횡단보도 포함),일반쓰레기,일반 사각,2015년 이전,환경공무관,2025-08-02
32,강북구,한천로,한천로 897 번2동 주민센터 앞,도로변(횡단보도 포함),일반쓰레기,일반 사각,2015년 이전,환경공무관,2025-08-02
33,강북구,한천로,한천로 897 강북보건소 앞,도로변(횡단보도 포함),일반쓰레기,일반 사각,2015년 이전,환경공무관,2025-08-02
34,강북구,한천로,한천로 897 건너편강북보건소 버스정류장(09-179),정류소(버스 가로변),일반쓰레기,일반 사각,2015년 이전,환경공무관,2025-08-02
35,강북구,한천로,한천로 897 건너편강북보건소 버스정류장(09-179),정류소(버스 가로변),재활용쓰레기,일반 사각,2015년 이전,환경공무관,2025-08-02
36,강북구,오패산로,오패산로 159 송중동주민센터 건너편 버스정류장(09-516),정류소(버스 가로변),일반쓰레기,일반 사각,2015년 이전,환경공무관,2025-08-02
37,강북구,월계로,월계로 17 이웃사랑치과 앞 숭곡초등학교입구 버스정류장(09-190) ,정류소(버스 가로변),일반쓰레기,일반 사각,2015년 이전,환경공무관,2025-08-02
38,강북구,월계로,월계로 17 이웃사랑치과 앞 숭곡초등학교입구 버스정류장(09-190) ,정류소(버스 가로변),재활용쓰레기,일반 사각,2015년 이전,환경공무관,2025-08-02
39,강북구,월계로,월계로 225 오현초등학교 버스정류장(09-186),정류소(버스 가로변),일반쓰레기,일반 사각,2015년 이전,환경공무관,2025-08-02
40,강북구,월계로,월계로 225 오현초등학교 버스정류장(09-186),정류소(버스 가로변),재활용쓰레기,일반 사각,2015년 이전,환경공무관,2025-08-02
41,강북구,한천로,한천로105길 23 번동 주공1단지 108동 앞 버스정류장(09-184),정류소(버스 가로변),일반쓰레기,일반 사각,2015년 이전,환경공무관,2025-08-02
42,강북구,한천로,한천로109길 10 강북유니온빌딩 앞 번동주공3단지아파트 버스정류장(09-182),정류소(버스 가로변),일반쓰레기,일반 사각,2015년 이전,환경공무관,2025-08-02
43,강북구,오패산로,오패산로 159 송중동 주민센터 앞 버스정류장(09-269),정류소(버스 가로변),일반쓰레기,일반 사각,2015년 이전,환경공무관,2025-08-02
44,강북구,오현로,오현로 9 송중초 앞 버스정류장(09-245),정류소(버스 가로변),일반쓰레기,일반 사각,2015년 이전,환경공무관,2025-08-02
45,강북구,도봉로,도봉로 62 롯데백화점 미아점 버스정류장(09-277),정류소(버스 가로변),일반쓰레기,일반 사각,2015년 이전,환경공무관,2025-08-02
46,강북구,도봉로,도봉로 62 롯데백화점 미아점 버스정류장(09-277),정류소(버스 가로변),재활용쓰레기,일반 사각,2015년 이전,환경공무관,2025-08-02
47,강북구,덕릉로,덕릉로 45 강북노인종합복지관 버스정류장(09-142),정류소(버스 가로변),일반쓰레기,일반 사각,2015년 이전,환경공무관,2025-08-02
48,강북구,덕릉로,덕릉로 28 화계사입구사거리 버스정류장(09-141),정류소(버스 가로변),일반쓰레기,일반 사각,2015년 이전,환경공무관,2025-08-02
49,강북구,덕릉로,덕릉로 28 화계사입구사거리 버스정류장(09-141),정류소(버스 가로변),재활용쓰레기,일반 사각,2015년 이전,환경공무관,2025-08-02
50,강북구,도봉로,도봉로 337 파리바게트카페 앞,도로변(횡단보도 포함),일반쓰레기,일반 사각,2015년 이전,환경공무관,2025-08-02
51,강북구,도봉로,도봉로 337 파리바게트카페 앞,도로변(횡단보도 포함),재활용쓰레기,일반 사각,2015년 이전,환경공무관,2025-08-02
52,강북구,한천로,한천로 1043 강북구청 버스정류장(09-146),정류소(버스 가로변),일반쓰레기,일반 사각,2015년 이전,환경공무관,2025-08-02
53,강북구,한천로,한천로 1043 강북구청 버스정류장(09-146),정류소(버스 가로변),재활용쓰레기,일반 사각,2015년 이전,환경공무관,2025-08-02
54,강북구,도봉로,도봉로 117 도봉세무서 앞,도로변(횡단보도 포함),일반쓰레기,일반 사각,2015년 이전,환경공무관,2025-08-02
55,강북구,도봉로,도봉로 117 도봉세무서 앞,도로변(횡단보도 포함),재활용쓰레기,일반 사각,2015년 이전,환경공무관,2025-08-02
56,강북구,한천로,한천로 1042 강북구청 버스정류장(09-147),정류소(버스 가로변),일반쓰레기,일반 사각,2015년 이전,환경공무관,2025-08-02
57,강북구,한천로,한천로 1042 강북구청 버스정류장(09-147),정류소(버스 가로변),재활용쓰레기,일반 사각,2015년 이전,환경공무관,2025-08-02
58,강북구,도봉로,도봉로 313 효성인텔리안 앞,도로변(횡단보도 포함),일반쓰레기,일반 사각,2015년 이전,환경공무관,2025-08-02
59,강북구,노해로,노해로 50 성실교회 앞,도로변(횡단보도 포함),일반쓰레기,일반 사각,2015년 이전,환경공무관,2025-08-02
60,강북구,노해로,노해로 50 성실교회 앞,도로변(횡단보도 포함),재활용쓰레기,일반 사각,2015년 이전,환경공무관,2025-08-02
61,강북구,덕릉로,덕릉로 96 수유사거리 버스정류장(09-266) ,정류소(버스 가로변),일반쓰레기,일반 사각,2015년 이전,환경공무관,2025-08-02
62,강북구,도봉로,도봉로 317 도로변,도로변(횡단보도 포함),일반쓰레기,일반 사각,2015년 이전,환경공무관,2025-08-02
63,강북구,오현로,오현로 4 건너편 삼양입구사거리 분수대 앞,도로변(횡단보도 포함),일반쓰레기,일반 사각,2015년 이전,환경공무관,2025-08-02
64,강북구,도봉로,도봉로 178 파리바게트 미아역점 앞,도로변(횡단보도 포함),재활용쓰레기,일반 사각,2015년 이전,환경공무관,2025-08-02
65,강북구,도봉로,도봉로 178 파리바게트 미아역점 앞,도로변(횡단보도 포함),일반쓰레기,일반 사각,2015년 이전,환경공무관,2025-08-02
66,강북구,도봉로,도봉로 314 삼성화재 앞,도로변(횡단보도 포함),재활용쓰레기,일반 사각,2015년 이전,환경공무관,2025-08-02
67,강북구,도봉로,도봉로 314 삼성화재 앞,도로변(횡단보도 포함),일반쓰레기,일반 사각,2015년 이전,환경공무관,2025-08-02
68,강북구,도봉로,도봉로 352 효성인텔리안 앞,도로변(횡단보도 포함),일반쓰레기,일반 사각,2015년 이전,환경공무관,2025-08-02
69,강북구,도봉로,도봉로89길 13 강북구청 앞,도로변(횡단보도 포함),일반쓰레기,일반 사각,2015년 이전,환경공무관,2025-08-02
70,강북구,한천로,한천로 1019 솥뚜껑식당 앞,도로변(횡단보도 포함),일반쓰레기,일반 사각,2015년 이전,환경공무관,2025-08-02
71,강북구,한천로,한천로 1160 거목노인요양원 앞,도로변(횡단보도 포함),일반쓰레기,일반 사각,2015년 이전,환경공무관,2025-08-02
72,강북구,한천로,한천로 1160 거목노인요양원 앞,도로변(횡단보도 포함),재활용쓰레기,일반 사각,2015년 이전,환경공무관,2025-08-02
73,강북구,한천로,한천로 1071 더타이어샵 수유점 앞,도로변(횡단보도 포함),일반쓰레기,일반 사각,2015년 이전,환경공무관,2025-08-02
74,강북구,한천로,한천로 1071 더타이어샵 수유점 앞,도로변(횡단보도 포함),재활용쓰레기,일반 사각,2015년 이전,환경공무관,2025-08-02
75,강북구,월계로,월계로 191-40 재활용품선별처리시설장 앞,도로변(횡단보도 포함),일반쓰레기,일반 사각,2015년 이전,환경공무관,2025-08-02
76,강북구,월계로,월계로 191-40 재활용품선별처리시설장 앞,도로변(횡단보도 포함),재활용쓰레기,일반 사각,2015년 이전,환경공무관,2025-08-02
77,강북구,노해로,노해로 121 청기와 보신탕 앞,도로변(횡단보도 포함),일반쓰레기,일반 사각,2015년 이전,환경공무관,2025-08-02
78,강북구,노해로,노해로 121 청기와 보신탕 앞,도로변(횡단보도 포함),재활용쓰레기,일반 사각,2015년 이전,환경공무관,2025-08-02
79,강북구,솔샘로,솔샘로 327 테마빌딩 앞 삼양동사거리입구 버스정류장(09-174) ,정류소(버스 가로변),일반쓰레기,일반 사각,2015년 이전,환경공무관,2025-08-02
80,강북구,솔샘로,솔샘로 327 테마빌딩 앞 삼양동사거리입구 버스정류장(09-174) ,정류소(버스 가로변),재활용쓰레기,일반 사각,2015년 이전,환경공무관,2025-08-02
81,강북구,한천로,한천로 1056 리움헤어앞 버스정류장(09-804),정류소(버스 가로변),일반쓰레기,일반 사각,2015년 이전,환경공무관,2025-08-02
82,강북구,도봉로,도봉로 48 미아사거리 맥도날도 뒤,정류소(버스 가로변),일반쓰레기,일반 사각,2015년 이전,환경공무관,2025-08-02
83,강북구,도봉로,도봉로 48 미아사거리 맥도날도 뒤,정류소(버스 가로변),재활용쓰레기,일반 사각,2015년 이전,환경공무관,2025-08-02
84,강북구,노해로,노해로 105 삼화패인트 앞,도로변(횡단보도 포함),일반쓰레기,일반 사각,2015년 이전,환경공무관,2025-08-02
85,강북구,노해로,노해로 105 삼화패인트 앞,도로변(횡단보도 포함),재활용쓰레기,일반 사각,2015년 이전,환경공무관,2025-08-02
86,강북구,덕릉로,덕릉로 66 준 스튜디오(LPG 충전소 옆) 앞 신일병원 버스정류장(09-145) ,정류소(버스 가로변),일반쓰레기,일반 사각,2015년 이전,환경공무관,2025-08-02
87,강북구,덕릉로,덕릉로 66 준 스튜디오(LPG 충전소 옆) 앞 신일병원 버스정류장(09-145) ,정류소(버스 가로변),재활용쓰레기,일반 사각,2015년 이전,환경공무관,2025-08-02
88,강북구,월계로,월계로 57 부영문방구 앞,도로변(횡단보도 포함),일반쓰레기,일반 사각,2015년 이전,환경공무관,2025-08-02
89,강북구,삼양로,삼양로 161 버스정류장(09-166),정류소(버스 가로변),일반쓰레기,일반 사각,2015년 이전,환경공무관,2025-08-02
90,강북구,삼양로,삼양로 161 버스정류장(09-166),정류소(버스 가로변),재활용쓰레기,일반 사각,2015년 이전,환경공무관,2025-08-02
91,강북구,삼양로,삼양로 186 CU 강북삼양점 앞,도로변(횡단보도 포함),일반쓰레기,일반 사각,2015년 이전,환경공무관,2025-08-02
92,강북구,삼양로,삼양로 186 CU 강북삼양점 앞,도로변(횡단보도 포함),재활용쓰레기,일반 사각,2015년 이전,환경공무관,2025-08-02
93,강북구,삼양로,삼양로 464 씨채널안경 수유점 앞,도로변(횡단보도 포함),일반쓰레기,일반 사각,2015년 이전,환경공무관,2025-08-02
94,강북구,삼양로,삼양로 647 뼈다귀전문점 앞 버스정류장(09-103),정류소(버스 가로변),일반쓰레기,일반 사각,2015년 이전,환경공무관,2025-08-02
95,강북구,노해로,노해로 90 참숯바베큐 앞 버스정류장(09-895),정류소(버스 가로변),일반쓰레기,일반 사각,2015년 이전,환경공무관,2025-08-02
96,강북구,노해로,노해로 90 참숯바베큐 앞 버스정류장(09-895),정류소(버스 가로변),재활용쓰레기,일반 사각,2015년 이전,환경공무관,2025-08-02
97,강북구,삼양로,삼양로 543 버스정류장(09-107),정류소(버스 가로변),일반쓰레기,일반 사각,2015년 이전,환경공무관,2025-08-02
98,강북구,삼양로,삼양로 543 버스정류장(09-107),정류소(버스 가로변),재활용쓰레기,일반 사각,2015년 이전,환경공무관,2025-08-02
99,강북구,노해로,노해로 36 수유3동주민센터 횡단보도 앞,도로변(횡단보도 포함),일반쓰레기,일반 사각,2015년 이전,환경공무관,2025-08-02
100,강북구,노해로,노해로 36 수유3동주민센터 횡단보도 앞,도로변(횡단보도 포함),재활용쓰레기,일반 사각,2015년 이전,환경공무관,2025-08-02
101,강북구,삼양로,삼양로 420 배용표 내과 앞,도로변(횡단보도 포함),일반쓰레기,일반 사각,2016년 설치,환경공무관,2025-08-02
102,강북구,삼양로,삼양로 420 배용표 내과 앞,도로변(횡단보도 포함),재활용쓰레기,일반 사각,2016년 설치,환경공무관,2025-08-02
103,강북구,인수봉로,수유동 553-3(인수봉로)극동아파트 버스정류장(09-117),정류소(버스 가로변),일반쓰레기,일반 사각,2016년 설치,환경공무관,2025-08-02
104,강북구,인수봉로,인수봉로 160 버스정류장(09-814),정류소(버스 가로변),일반쓰레기,일반 사각,2016년 설치,환경공무관,2025-08-02
105,강북구,도봉로,도봉로 332 수유역3번출구 마을버스정류장(09-595),정류소(버스 가로변),일반쓰레기,일반 사각,2016년 설치,환경공무관,2025-08-02
106,강북구,도봉로,도봉로 332 수유역3번출구 마을버스정류장(09-595),정류소(버스 가로변),재활용쓰레기,일반 사각,2016년 설치,환경공무관,2025-08-02
107,강북구,도봉로,도봉로 343 중앙버스정류소 수유(강북구청)역(09-013),정류소(버스 중앙차로),일반쓰레기,서울형,2025년 설치,환경공무관,2025-08-02
108,강북구,도봉로,도봉로 348 교보빌딩 앞,도로변(횡단보도 포함),일반쓰레기,일반 사각,2016년 설치,환경공무관,2025-08-02
109,강북구,도봉로,도봉로 348 교보빌딩 앞,도로변(횡단보도 포함),재활용쓰레기,일반 사각,2016년 설치,환경공무관,2025-08-02
110,강북구,한천로,한천로 1098 광산사거리 버스정류장(09-129),정류소(버스 가로변),일반쓰레기,일반 사각,2016년 설치,환경공무관,2025-08-02
111,강북구,한천로,한천로 1098 광산사거리 버스정류장(09-129),정류소(버스 가로변),재활용쓰레기,일반 사각,2016년 설치,환경공무관,2025-08-02
112,강북구,한천로,한천로 1152 강북청년창업마루 버스정류장(09-124),정류소(버스 가로변),일반쓰레기,일반 사각,2016년 설치,환경공무관,2025-08-02
113,강북구,한천로,한천로 1152 강북청년창업마루 버스정류장(09-124),정류소(버스 가로변),재활용쓰레기,일반 사각,2016년 설치,환경공무관,2025-08-02
114,강북구,삼각산로,삼각산로 165 버스정류장(09-811),정류소(버스 가로변),일반쓰레기,일반 사각,2016년 설치,환경공무관,2025-08-02
115,강북구,삼각산로,삼각산로 165 버스정류장(09-811),정류소(버스 가로변),재활용쓰레기,일반 사각,2016년 설치,환경공무관,2025-08-02
116,강북구,인수봉로,인수봉로 276 횡단보도,도로변(횡단보도 포함),일반쓰레기,일반 사각,2016년 설치,환경공무관,2025-08-02
117,강북구,인수봉로,인수봉로 207 우이초교 후문 버스정류장(09-130),정류소(버스 가로변),일반쓰레기,일반 사각,2016년 설치,환경공무관,2025-08-02
118,강북구,인수봉로,인수봉로 309 버스정류장(09-112),정류소(버스 가로변),일반쓰레기,일반 사각,2017년 설치,환경공무관,2025-08-02
119,강북구,인수봉로,인수봉로 310 윤극영가옥 버스정류장(09-113),정류소(버스 가로변),일반쓰레기,일반 사각,2017년 설치,환경공무관,2025-08-02
120,강북구,도봉로,도봉로 343 중앙버스정류소 수유(강북구청)역(09-013),정류소(버스 중앙차로),재활용쓰레기,서울형,2025년 설치,환경공무관,2025-08-02
121,강북구,한천로,한천로 983 수송초등학교 버스정류장(09-209),정류소(버스 가로변),일반쓰레기,일반 사각,2017년 설치,환경공무관,2025-08-02
122,강북구,노해로,노해로 57 수유중앙시장 옆 버스정류장(09-313),정류소(버스 가로변),일반쓰레기,일반 사각,2017년 설치,환경공무관,2025-08-02
123,강북구,노해로,노해로 57 수유중앙시장 옆 버스정류장(09-313),정류소(버스 가로변),재활용쓰레기,일반 사각,2017년 설치,환경공무관,2025-08-02
124,강북구,덕릉로,덕릉로41길 12 북부시장입구 버스정류장(09-150),정류소(버스 가로변),일반쓰레기,일반 사각,2017년 설치,환경공무관,2025-08-02
125,강북구,덕릉로,덕릉로 32-1 화계역 2번출구 앞,지하철역 입구,일반쓰레기,일반 사각,2017년 설치,환경공무관,2025-08-02
126,강북구,삼양로,삼양로 678 북한산우이역 1번출구 앞,지하철역 입구,일반쓰레기,일반 사각,2018년 설치,환경공무관,2025-08-02
127,강북구,인수봉로,인수봉로 269 인수초등학교 앞 버스정류장(09-116),정류소(버스 가로변),일반쓰레기,일반 사각,2018년 설치,환경공무관,2025-08-02
128,강북구,인수봉로,인수봉로 269 인수초등학교 앞 버스정류장(09-116),정류소(버스 가로변),일반쓰레기,일반 사각,2018년 설치,환경공무관,2025-08-02
129,강북구,도봉로,도봉로 328 수유역 4번 출구 앞,지하철역 입구,일반쓰레기,일반 사각,2018년 설치,환경공무관,2025-08-02
130,강북구,도봉로,도봉로 328 수유역 4번 출구 앞,지하철역 입구,재활용쓰레기,일반 사각,2018년 설치,환경공무관,2025-08-02
131,강북구,한천로,한천로 939 한성운수종점 버스정류장(09-290),정류소(버스 가로변),일반쓰레기,일반 사각,2018년 설치,환경공무관,2025-08-02
132,강북구,오현로,오현로 207 402동 앞 번동주공아파트4단지 앞 버스정류장(09-180),정류소(버스 가로변),일반쓰레기,일반 사각,2018년 설치,환경공무관,2025-08-02
133,강북구,오현로,오현로 207 402동 앞 번동주공아파트4단지 앞 버스정류장(09-180),정류소(버스 가로변),재활용쓰레기,일반 사각,2018년 설치,환경공무관,2025-08-02
134,강북구,오현로,오현로 207 번동4단지 맞은편 초안교 앞 버스정류장(09-181),정류소(버스 가로변),일반쓰레기,일반 사각,2018년 설치,환경공무관,2025-08-02
135,강북구,오현로,오현로 207 번동4단지 맞은편 초안교 앞 버스정류장(09-181),정류소(버스 가로변),재활용쓰레기,일반 사각,2018년 설치,환경공무관,2025-08-02
136,강북구,월계로,월계로 173 북서울꿈의숲 버스정류장(09-271),정류소(버스 가로변),일반쓰레기,일반 사각,2018년 설치,환경공무관,2025-08-02
137,강북구,월계로,월계로 173 북서울꿈의숲 버스정류장(09-271),정류소(버스 가로변),재활용쓰레기,일반 사각,2018년 설치,환경공무관,2025-08-02
138,강북구,오현로,오현로 117 오동골프공원 북서울꿈의숲 버스정류장(09-239),정류소(버스 가로변),일반쓰레기,일반 사각,2018년 설치,환경공무관,2025-08-02
139,강북구,월계로,월계로 173(번동 산 28-6)북서울꿈의숲 동문 버스정류장(09-187),정류소(버스 가로변),일반쓰레기,일반 사각,2018년 설치,환경공무관,2025-08-02
140,강북구,한천로,한천로105길 24 번동주공아파트1단지 버스정류장(09-185),정류소(버스 가로변),일반쓰레기,일반 사각,2018년 설치,환경공무관,2025-08-02
141,강북구,한천로,한천로105길 24 번동주공아파트1단지 버스정류장(09-185),정류소(버스 가로변),재활용쓰레기,일반 사각,2018년 설치,환경공무관,2025-08-02
142,강북구,한천로,한천로 833 건너편번동주공아파트3단지 앞 버스정류장(09-183),정류소(버스 가로변),일반쓰레기,일반 사각,2018년 설치,환경공무관,2025-08-02
143,강북구,한천로,한천로 833 건너편번동주공아파트3단지 앞 버스정류장(09-183),정류소(버스 가로변),재활용쓰레기,일반 사각,2018년 설치,환경공무관,2025-08-02
144,강북구,오현로,오현로 9 송중초 앞 버스정류장(09-245),정류소(버스 가로변),재활용쓰레기,일반 사각,2018년 설치,환경공무관,2025-08-02
145,강북구,도봉로,도봉로 341 수유역 7번 출구 앞,지하철역 입구,일반쓰레기,일반 사각,2018년 설치,환경공무관,2025-08-02
146,강북구,삼각산로,삼각산로 16(인수동 환경미화원 후생관) 앞,도로변(횡단보도 포함),일반쓰레기,일반 사각,2018년 설치,환경공무관,2025-08-02
147,강북구,삼각산로,삼각산로 16(인수동 환경미화원 후생관) 앞,도로변(횡단보도 포함),재활용쓰레기,일반 사각,2018년 설치,환경공무관,2025-08-02
148,강북구,도봉로,도봉로89길 13 강북구청 앞,도로변(횡단보도 포함),일반쓰레기,일반 사각,2018년 설치,환경공무관,2025-08-02
149,강북구,삼양로,삼양로 247 롯데마트 삼양점 버스정류장(09-160),정류소(버스 가로변),일반쓰레기,일반 사각,2019년 설치,환경공무관,2025-08-02
150,강북구,삼양로,삼양로 247 롯데마트 삼양점 버스정류장(09-160),정류소(버스 가로변),재활용쓰레기,일반 사각,2019년 설치,환경공무관,2025-08-02
151,강북구,삼양로,삼양로 371 우이초교 버스정류장(09-134),정류소(버스 가로변),일반쓰레기,일반 사각,2019년 설치,환경공무관,2025-08-02
152,강북구,인수봉로,인수봉로 39 솔샘중고등학교 버스정류장(09-847),정류소(버스 가로변),일반쓰레기,일반 사각,2019년 설치,환경공무관,2025-08-02
153,강북구,인수봉로,인수봉로 39 솔샘중고등학교 버스정류장(09-847),정류소(버스 가로변),재활용쓰레기,일반 사각,2019년 설치,환경공무관,2025-08-02
154,강북구,인수봉로,"인수봉로8길 35-4 솔샘중고등학교, 팔팔미송경로당 버스정류장(09-217)",정류소(버스 가로변),일반쓰레기,일반 사각,2019년 설치,환경공무관,2025-08-02
155,강북구,인수봉로,"인수봉로8길 35-4 솔샘중고등학교, 팔팔미송경로당 버스정류장(09-217)",정류소(버스 가로변),재활용쓰레기,일반 사각,2019년 설치,환경공무관,2025-08-02
156,강북구,인수봉로,"인수봉로 39 솔샘중고등학교, 팔팔미송경로당 버스정류장(09-218)",정류소(버스 가로변),일반쓰레기,일반 사각,2019년 설치,환경공무관,2025-08-02
157,강북구,인수봉로,"인수봉로 39 솔샘중고등학교, 팔팔미송경로당 버스정류장(09-218)",정류소(버스 가로변),재활용쓰레기,일반 사각,2019년 설치,환경공무관,2025-08-02
158,강북구,도봉로,도봉로 71 송천우체국 앞,도로변(횡단보도 포함),일반쓰레기,일반 사각,2019년 설치,환경공무관,2025-08-02
159,강북구,도봉로,도봉로 71 송천우체국 앞,도로변(횡단보도 포함),재활용쓰레기,일반 사각,2019년 설치,환경공무관,2025-08-02
160,강북구,오현로,오현로 204 번동초등학교 앞 횡단보도,도로변(횡단보도 포함),일반쓰레기,일반 사각,2019년 설치,환경공무관,2025-08-02
161,강북구,오현로,오현로 204 번동초등학교 앞 횡단보도,도로변(횡단보도 포함),재활용쓰레기,일반 사각,2019년 설치,환경공무관,2025-08-02
162,강북구,오현로,오현로 207 벌말어린이공원 앞 버스정류장(09-228),정류소(버스 가로변),일반쓰레기,일반 사각,2019년 설치,환경공무관,2025-08-02
163,강북구,오현로,오현로 207 벌말어린이공원 앞 버스정류장(09-228),정류소(버스 가로변),재활용쓰레기,일반 사각,2019년 설치,환경공무관,2025-08-02
164,강북구,오현로,오현로 156 해모로아파트 상가 앞 버스정류장(09-233),정류소(버스 가로변),일반쓰레기,일반 사각,2019년 설치,환경공무관,2025-08-02
165,강북구,오현로,오현로 156 해모로아파트 상가 앞 버스정류장(09-233),정류소(버스 가로변),재활용쓰레기,일반 사각,2019년 설치,환경공무관,2025-08-02
166,강북구,월계로,월계로 83 cu미아창문점 앞버스정류장(09-188) ,정류소(버스 가로변),일반쓰레기,일반 사각,2019년 설치,환경공무관,2025-08-02
167,강북구,월계로,월계로 83 cu미아창문점 앞버스정류장(09-188) ,정류소(버스 가로변),재활용쓰레기,일반 사각,2019년 설치,환경공무관,2025-08-02
168,강북구,덕릉로,덕릉로 79 신일병원 버스정류장(09-144),정류소(버스 가로변),일반쓰레기,일반 사각,2019년 설치,환경공무관,2025-08-02
169,강북구,4.19로,4.19로 88-1 백련사 앞 버스정류장(09-875),정류소(버스 가로변),일반쓰레기,일반 사각,2019년 설치,환경공무관,2025-08-02
170,강북구,삼각산로,삼각산로 16(인수동 환경미화원 후생관) 앞,도로변(횡단보도 포함),일반쓰레기,일반 사각,2019년 설치,환경공무관,2025-08-02
171,강북구,인수봉로,인수봉로 239 국립재활원 버스정류장(09-583),정류소(버스 가로변),일반쓰레기,일반 사각,2019년 설치,환경공무관,2025-08-02
172,강북구,인수봉로,인수봉로 239 국립재활원 버스정류장(09-583),정류소(버스 가로변),재활용쓰레기,일반 사각,2019년 설치,환경공무관,2025-08-02
173,강북구,인수봉로,인수봉로14길 4 미송경로당 버스정류장(09-501),정류소(버스 가로변),일반쓰레기,일반 사각,2019년 설치,환경공무관,2025-08-02
174,강북구,인수봉로,인수봉로14길 4 미송경로당 버스정류장(09-501),정류소(버스 가로변),재활용쓰레기,일반 사각,2019년 설치,환경공무관,2025-08-02
175,강북구,삼각산로,삼각산로 16 도로변,도로변(횡단보도 포함),일반쓰레기,일반 사각,2019년 설치,환경공무관,2025-08-02
176,강북구,삼각산로,삼각산로 16 도로변,도로변(횡단보도 포함),재활용쓰레기,일반 사각,2019년 설치,환경공무관,2025-08-02
177,강북구,삼양로,삼양로 685 투썸플레이스 북한산우이역점 앞,도로변(횡단보도 포함),일반쓰레기,일반 사각,2020년 설치,환경공무관,2025-08-02
178,강북구,도봉로,도봉로 55 중앙버스정류소 미아사거리역(09-011),정류소(버스 중앙차로),일반쓰레기,서울형,2025년 설치,환경공무관,2025-08-02
179,강북구,도봉로,도봉로 55 중앙버스정류소 미아사거리역(09-011),정류소(버스 중앙차로),재활용쓰레기,서울형,2025년 설치,환경공무관,2025-08-02
180,강북구,도봉로,도봉로 117 중앙버스정류소 도봉세무서 (09-009),정류소(버스 중앙차로),일반쓰레기,일반 사각,2020년 설치,환경공무관,2025-08-02
181,강북구,도봉로,도봉로 117 중앙버스정류소 도봉세무서(09-009),정류소(버스 중앙차로),재활용쓰레기,일반 사각,2020년 설치,환경공무관,2025-08-02
182,강북구,도봉로,도봉로 172 중앙버스정류소 미아역(09-008),정류소(버스 중앙차로),일반쓰레기,서울형,2025년 설치,환경공무관,2025-08-02
183,강북구,도봉로,도봉로 172 중앙버스정류소 미아역(09-008),정류소(버스 중앙차로),재활용쓰레기,서울형,2025년 설치,환경공무관,2025-08-02
184,강북구,도봉로,도봉로 181 중앙버스정류소 미아역(09-007),정류소(버스 중앙차로),일반쓰레기,일반 사각,2020년 설치,환경공무관,2025-08-02
185,강북구,도봉로,도봉로 181 중앙버스정류소 미아역(09-007),정류소(버스 중앙차로),재활용쓰레기,일반 사각,2020년 설치,환경공무관,2025-08-02
186,강북구,도봉로,도봉로 181 중앙버스정류소 미아역(09-007),정류소(버스 중앙차로),일반쓰레기,일반 사각,2020년 설치,환경공무관,2025-08-02
187,강북구,도봉로,도봉로 181 중앙버스정류소 미아역(09-007),정류소(버스 중앙차로),재활용쓰레기,일반 사각,2020년 설치,환경공무관,2025-08-02
188,강북구,도봉로,도봉로 242 중앙버스정류소 수유시장(09-006),정류소(버스 중앙차로),일반쓰레기,일반 사각,2020년 설치,환경공무관,2025-08-02
189,강북구,도봉로,도봉로 242 중앙버스정류소 수유시장(09-006),정류소(버스 중앙차로),재활용쓰레기,일반 사각,2020년 설치,환경공무관,2025-08-02
190,강북구,도봉로,도봉로 242 중앙버스정류소 수유시장(09-006),정류소(버스 중앙차로),일반쓰레기,일반 사각,2020년 설치,환경공무관,2025-08-02
191,강북구,도봉로,도봉로 242 중앙버스정류소 수유시장(09-006),정류소(버스 중앙차로),재활용쓰레기,일반 사각,2020년 설치,환경공무관,2025-08-02
192,강북구,도봉로,도봉로 255 중앙버스정류소 수유시장(09-005),정류소(버스 중앙차로),일반쓰레기,일반 사각,2020년 설치,환경공무관,2025-08-02
193,강북구,도봉로,도봉로 255 중앙버스정류소 수유시장(09-005),정류소(버스 중앙차로),재활용쓰레기,일반 사각,2020년 설치,환경공무관,2025-08-02
194,강북구,도봉로,도봉로 255 중앙버스정류소 수유시장(09-005),정류소(버스 중앙차로),일반쓰레기,일반 사각,2020년 설치,환경공무관,2025-08-02
195,강북구,도봉로,도봉로 255 중앙버스정류소 수유시장(09-005),정류소(버스 중앙차로),재활용쓰레기,일반 사각,2020년 설치,환경공무관,2025-08-02
196,강북구,도봉로,도봉로 317 중앙버스정류소 수유역(09-003),정류소(버스 중앙차로),일반쓰레기,서울형,2025년 설치,환경공무관,2025-08-02
197,강북구,도봉로,도봉로 317 중앙버스정류소 수유역(09-003),정류소(버스 중앙차로),재활용쓰레기,서울형,2025년 설치,환경공무관,2025-08-02
198,강북구,덕릉로,덕릉로 186 도로변,도로변(횡단보도 포함),일반쓰레기,일반 사각,2020년 설치,환경공무관,2025-08-02
199,강북구,도봉로,도봉로 384 중앙버스정류소 수유3동우체국(09-002),정류소(버스 중앙차로),일반쓰레기,일반 사각,2020년 설치,환경공무관,2025-08-02
200,강북구,도봉로,도봉로 384 중앙버스정류소 수유3동우체국(09-002),정류소(버스 중앙차로),재활용쓰레기,일반 사각,2020년 설치,환경공무관,2025-08-02
201,강북구,도봉로,도봉로 387 중앙버스정류소 수유3동우체국(09-001),정류소(버스 중앙차로),일반쓰레기,일반 사각,2020년 설치,환경공무관,2025-08-02
202,강북구,도봉로,도봉로 387 중앙버스정류소 수유3동우체국(09-001),정류소(버스 중앙차로),재활용쓰레기,일반 사각,2020년 설치,환경공무관,2025-08-02
203,강북구,도봉로,도봉로 334 중앙버스정류소 수유역(09-004),정류소(버스 중앙차로),일반쓰레기,일반 사각,2020년 설치,환경공무관,2025-08-02
204,강북구,도봉로,도봉로 334 중앙버스정류소 수유역(09-004),정류소(버스 중앙차로),재활용쓰레기,일반 사각,2020년 설치,환경공무관,2025-08-02
205,강북구,도봉로,도봉로 40 중앙버스정류소 미아사거리역(09-012),정류소(버스 중앙차로),일반쓰레기,일반 사각,2022년 교체,환경공무관,2025-08-02
206,강북구,도봉로,도봉로 40 중앙버스정류소 미아사거리역(09-012),정류소(버스 중앙차로),재활용쓰레기,일반 사각,2022년 교체,환경공무관,2025-08-02
207,강북구,도봉로,도봉로 317 도로변,도로변(횡단보도 포함),일반쓰레기,일반 사각,2022년 설치,환경공무관,2025-08-02
208,강북구,도봉로,도봉로 329 수유역 6번 출구 앞,지하철역 입구,일반쓰레기,일반 사각,2022년 설치,환경공무관,2025-08-02
209,강북구,삼양로,삼양로 421 남양당한의원 앞,도로변(횡단보도 포함),일반쓰레기,일반 사각,2023년 설치,환경공무관,2025-08-02
210,강북구,삼양로,삼양로 421 남양당한의원 앞,도로변(횡단보도 포함),재활용쓰레기,일반 사각,2023년 설치,환경공무관,2025-08-02
211,강북구,오현로,오현로 156 번동해모로아파트 버스정류장(09-233),정류소(버스 가로변),일반쓰레기,일반 사각,2023년 설치,환경공무관,2025-08-02
212,강북구,오현로,오현로 156 번동해모로아파트 버스정류장(09-233),정류소(버스 가로변),재활용쓰레기,일반 사각,2023년 설치,환경공무관,2025-08-02
213,강북구,삼각산로,삼각산로 421 가오리역 2번 출구 앞,지하철역 입구,일반쓰레기,일반 사각,2023년 설치,환경공무관,2025-08-02
214,강북구,도봉로,도봉로 399 CGV 앞,도로변(횡단보도 포함),일반쓰레기,일반 사각,2024년 교체,환경공무관,2025-08-02
215,강북구,솔샘로,솔샘로 195 솔샘역 2번출구 앞,지하철역 입구,일반쓰레기,일반 사각,2024년 설치,환경공무관,2025-08-02
216,강북구,솔샘로,솔샘로 195 솔샘역 2번출구 앞,지하철역 입구,재활용쓰레기,일반 사각,2024년 설치,환경공무관,2025-08-02
217,강북구,월계로,월계로 53 창문여고앞 버스정류장(09-994),정류소(버스 가로변),일반쓰레기,일반 사각,2024년 설치,환경공무관,2025-08-02
218,강북구,삼양로,삼양로 651 GS편의점 앞,도로변(횡단보도 포함),일반쓰레기,일반 사각,설치연도 모름,환경공무관,2025-08-02
