연번,행정동,설치 위치,설치 장소 유형,쓰레기통 형태,수거 쓰레기 종류,통 제작연월,최초설치
1,대림2동,대림동 993-59,버스정류소,일반 사각 쓰레기통,일반쓰레기,2025-08,2018-00
2,대림2동,대림동 993-59,버스정류소,일반 사각 쓰레기통,재활용쓰레기,2025-08,2025-08
3,문래동,문래동1가 57-3,버스정류소,일반 사각 쓰레기통,일반쓰레기,2025-08,2018-00
4,문래동,문래동1가 57-3,버스정류소,일반 사각 쓰레기통,재활용쓰레기,2025-08,2025-08
5,문래동,문래동2가 36-13,버스정류소,일반 사각 쓰레기통,일반쓰레기,2025-08,2018-00
6,문래동,문래동2가 36-13,버스정류소,일반 사각 쓰레기통,재활용쓰레기,2025-08,2025-08
7,신길6동,신길동 4321,버스정류소,일반 사각 쓰레기통,일반쓰레기,2025-08,2018-00
8,신길6동,신길동 4321,버스정류소,일반 사각 쓰레기통,재활용쓰레기,2025-08,2025-08
9,신길6동,신길동 4785,버스정류소,일반 사각 쓰레기통,일반쓰레기,2025-08,2018-00
10,신길6동,신길동 4785,버스정류소,일반 사각 쓰레기통,재활용쓰레기,2025-08,2025-08
11,신길7동,신길동 4880,버스정류소,일반 사각 쓰레기통,일반쓰레기,2025-08,2018-00
12,신길7동,신길동 4880,버스정류소,일반 사각 쓰레기통,재활용쓰레기,2025-08,2025-08
13,신길7동,여의대방로 259,버스정류소,일반 사각 쓰레기통,일반쓰레기,2025-08,2018-00
14,신길7동,여의대방로 259,버스정류소,일반 사각 쓰레기통,재활용쓰레기,2025-08,2025-08
15,신길7동,신길동 1367-2,버스정류소,일반 사각 쓰레기통,일반쓰레기,2025-08,2018-00
16,신길7동,신길동 1367-2,버스정류소,일반 사각 쓰레기통,재활용쓰레기,2025-08,2025-08
17,신길6동,신길로 70,버스정류소,일반 사각 쓰레기통,일반쓰레기,2025-08,2018-00
18,신길6동,신길로 70,버스정류소,일반 사각 쓰레기통,재활용쓰레기,2025-08,2025-08
19,당산2동,당산로 231,지하철 입구,일반 사각 쓰레기통,일반쓰레기,2025-08,2018-00
20,당산2동,당산로 231,지하철 입구,일반 사각 쓰레기통,재활용쓰레기,2025-08,2018-00
21,여의도동,여의도동 2-11,버스정류소,일반 사각 쓰레기통,일반쓰레기,2025-08,2022-00
22,여의도동,여의도동 2-11,버스정류소,일반 사각 쓰레기통,재활용쓰레기,2025-08,2025-08
23,당산2동,양평로 36,지하철 입구,일반 사각 쓰레기통,일반쓰레기,2025-08,2018-00
24,당산2동,양평로 36,지하철 입구,일반 사각 쓰레기통,재활용쓰레기,2025-08,2025-08
25,양평2동,양화동 10-8,버스정류소,일반 사각 쓰레기통,일반쓰레기,2025-08,2018-00
26,양평2동,양화동 10-8,버스정류소,일반 사각 쓰레기통,재활용쓰레기,2025-08,2018-00
27,양평2동,양화동 10-8,버스정류소,일반 사각 쓰레기통,일반쓰레기,2025-08,2018-00
28,양평2동,양화동 10-8,버스정류소,일반 사각 쓰레기통,재활용쓰레기,2025-08,2018-00
29,여의도동,국제금융로 108-6,버스정류소,일반 사각 쓰레기통,일반쓰레기,2025-08,2025-08
30,여의도동,국제금융로 108-6,버스정류소,일반 사각 쓰레기통,재활용쓰레기,2025-08,2018-00
31,여의도동,의사당대로 1,버스정류소,일반 사각 쓰레기통,일반쓰레기,2025-08,2018-00
32,여의도동,의사당대로 1,버스정류소,일반 사각 쓰레기통,재활용쓰레기,2025-08,2025-08
33,영등포동,경인로 829,버스정류소,일반 사각 쓰레기통,일반쓰레기,2025-08,2018-00
34,영등포동,경인로 829,버스정류소,일반 사각 쓰레기통,재활용쓰레기,2025-08,2018-00
35,영등포동,경인로 829,버스정류소,일반 사각 쓰레기통,일반쓰레기,2025-08,2018-00
36,영등포동,경인로 829,버스정류소,일반 사각 쓰레기통,재활용쓰레기,2025-08,2018-00
37,양평2동,선유로 243,버스정류소,일반 사각 쓰레기통,일반쓰레기,2025-08,2024-00
38,양평2동,선유로 243,버스정류소,일반 사각 쓰레기통,재활용쓰레기,2025-08,2024-00
39,여의도동,의사당대로13-2,버스정류소,일반 사각 쓰레기통,일반쓰레기,2025-08,2025-08
40,여의도동,의사당대로13-2,버스정류소,일반 사각 쓰레기통,재활용쓰레기,2025-08,2025-08
41,영등포동,영중로95,버스정류소,일반 사각 쓰레기통,일반쓰레기,2025-08,2025-08
42,영등포동,영중로95,버스정류소,일반 사각 쓰레기통,재활용쓰레기,2025-08,2025-08
43,영등포동,영중로98-2,버스정류소,일반 사각 쓰레기통,일반쓰레기,2025-08,2025-08
44,영등포동,영중로98-2,버스정류소,일반 사각 쓰레기통,재활용쓰레기,2025-08,2025-08
45,영등포동,영등포동2가 11-3,도로변,일반 사각 쓰레기통,일반쓰레기,2025-08,2025-08
46,영등포동,영등포동2가 11-3,도로변,일반 사각 쓰레기통,재활용쓰레기,2025-08,2025-08
47,당산2동,양평로64,버스정류소,일반 사각 쓰레기통,일반쓰레기,2025-08,2025-08
48,당산2동,양평로64,버스정류소,일반 사각 쓰레기통,재활용쓰레기,2025-08,2025-08
49,영등포동,영중로 9,버스정류소,일반 사각 쓰레기통,일반쓰레기,2025-07,2021-00
50,영등포동,영중로 9,버스정류소,일반 사각 쓰레기통,재활용쓰레기,2025-07,2021-00
51,당산2동, 양평로 24,버스정류소,일반 사각 쓰레기통,일반쓰레기,2025-07,2024-00
52,당산2동, 양평로 24,버스정류소,일반 사각 쓰레기통,재활용쓰레기,2025-07,2024-00
53,여의도동,여의나루로 50,"광장, 공원",일반 사각 쓰레기통,일반쓰레기,2023-00,2021-00
54,여의도동,여의나루로 50,"광장, 공원",일반 사각 쓰레기통,재활용쓰레기,2023-00,2021-00
55,여의도동,여의나루로 50,"광장, 공원",일반 사각 쓰레기통,재활용쓰레기,2023-00,2025-08
56,양평2동,양평동4가 301-7,"광장, 공원",일반 사각 쓰레기통,일반쓰레기,2021-00,2021-00
57,양평2동,양평동4가 301-7,"광장, 공원",일반 사각 쓰레기통,재활용쓰레기,2021-00,2021-00
58,대림3동,도림로47길28,"광장, 공원",일반 사각 쓰레기통,일반쓰레기,2021-00,2021-00
59,양평2동,양평로 132,버스정류소,일반 사각 쓰레기통,재활용쓰레기,2019-00,2019-00
60,양평2동,양평로 132,버스정류소,일반 사각 쓰레기통,일반쓰레기,2018-00,2018-00
61,여의도동,여의나루로 76,버스정류소,일반 사각 쓰레기통,일반쓰레기,2018-00,2018-00
62,여의도동,여의나루로 76,버스정류소,일반 사각 쓰레기통,재활용쓰레기,2018-00,2018-00
63,여의도동,국제금융로 112,버스정류소,일반 사각 쓰레기통,일반쓰레기,2018-00,2018-00
64,여의도동,국제금융로 112,버스정류소,일반 사각 쓰레기통,재활용쓰레기,2021-00,2021-00
65,여의도동,의사당대로 110,버스정류소,일반 사각 쓰레기통,일반쓰레기,2018-00,2018-00
66,여의도동,의사당대로 110,버스정류소,일반 사각 쓰레기통,재활용쓰레기,2018-00,2018-00
67,여의도동,63로 45,도로변,일반 사각 쓰레기통,일반쓰레기,2018-00,2018-00
68,여의도동,63로 45,도로변,일반 사각 쓰레기통,재활용쓰레기,2018-00,2018-00
69,대림1동,대림동 962-3,버스정류소,일반 사각 쓰레기통,일반쓰레기,2018-00,2018-00
70,대림1동,대림동 962-3,버스정류소,일반 사각 쓰레기통,재활용쓰레기,2021-00,2021-00
71,영등포동,영중로 25-1,버스정류소,일반 사각 쓰레기통,일반쓰레기,2021-00,2021-00
72,영등포동,영중로 25-1,버스정류소,일반 사각 쓰레기통,재활용쓰레기,2021-00,2021-00
73,영등포동,영중로 22,버스정류소,일반 사각 쓰레기통,일반쓰레기,2021-00,2021-00
74,영등포동,영중로 22,버스정류소,일반 사각 쓰레기통,재활용쓰레기,2021-00,2021-00
75,영등포동,영중로 12,버스정류소,일반 사각 쓰레기통,일반쓰레기,2023-10,2021-12
76,영등포동,영중로 12,버스정류소,일반 사각 쓰레기통,재활용쓰레기,2023-10,2021-12
77,영등포동,경인로 851,버스정류소,일반 사각 쓰레기통,일반쓰레기,2021-00,2021-00
78,영등포동,경인로 851,버스정류소,일반 사각 쓰레기통,재활용쓰레기,2021-00,2021-00
79,영등포동,경인로 851,버스정류소,일반 사각 쓰레기통,일반쓰레기,2021-00,2021-00
80,영등포동,경인로 851,버스정류소,일반 사각 쓰레기통,재활용쓰레기,2021-00,2021-00
81,당산1동,당산로27길 12,버스정류소,일반 사각 쓰레기통,일반쓰레기,2023-10,2021-12
82,당산1동,당산로27길 12,버스정류소,일반 사각 쓰레기통,재활용쓰레기,2023-10,2021-12
83,당산1동,국회대로 552,버스정류소,일반 사각 쓰레기통,일반쓰레기,2021-00,2021-00
84,당산1동,국회대로 552,버스정류소,일반 사각 쓰레기통,재활용쓰레기,2021-00,2021-00
85,당산2동,당산로 223,지하철 입구,일반 사각 쓰레기통,일반쓰레기,2021-00,2021-00
86,당산2동,당산로 223,지하철 입구,일반 사각 쓰레기통,재활용쓰레기,2021-00,2021-00
87,영등포동,문래로 187,버스정류소,일반 사각 쓰레기통,일반쓰레기,2021-00,2021-00
88,영등포동,문래로 187,버스정류소,일반 사각 쓰레기통,재활용쓰레기,2021-00,2021-00
89,당산1동,당산로 68,버스정류소,일반 사각 쓰레기통,일반쓰레기,2021-00,2021-00
90,당산1동,당산로 68,버스정류소,일반 사각 쓰레기통,재활용쓰레기,2021-00,2021-00
91,당산1동,영등포로 141,버스정류소,일반 사각 쓰레기통,일반쓰레기,2021-00,2021-00
92,당산1동,영등포로 141,버스정류소,일반 사각 쓰레기통,재활용쓰레기,2021-00,2021-00
93,신길6동,신풍로 33,지하철 입구,일반 사각 쓰레기통,일반쓰레기,2022-00,2022-10
94,신길6동,신풍로 33,지하철 입구,일반 사각 쓰레기통,재활용쓰레기,2022-00,2022-10
95,영등포본동,영신로 35,버스정류소,일반 사각 쓰레기통,일반쓰레기,2022-00,2022-00
96,영등포본동,영신로 35,버스정류소,일반 사각 쓰레기통,재활용쓰레기,2022-00,2022-00
97,여의도동,국제금융로7길 46,버스정류소,일반 사각 쓰레기통,일반쓰레기,2022-00,2022-00
98,여의도동,국제금융로7길 46,버스정류소,일반 사각 쓰레기통,재활용쓰레기,2022-00,2022-00
99,여의도동,국제금융로7길 46,버스정류소,일반 사각 쓰레기통,일반쓰레기,2022-00,2022-00
100,여의도동,국제금융로7길 46,버스정류소,일반 사각 쓰레기통,재활용쓰레기,2022-00,2022-00
101,당산2동,당산로 235,버스정류소,일반 사각 쓰레기통,일반쓰레기,2022-00,2022-00
102,당산2동,당산로 235,버스정류소,일반 사각 쓰레기통,재활용쓰레기,2022-00,2022-00
103,문래동,문래동3가 54-10,버스정류소,일반 사각 쓰레기통,일반쓰레기,2023-10,2022-05
104,문래동,문래동3가 54-10,버스정류소,일반 사각 쓰레기통,재활용쓰레기,2023-10,2022-05
105,문래동,문래동1가 10-1,버스정류소,일반 사각 쓰레기통,일반쓰레기,2022-00,2022-00
106,문래동,문래동1가 10-1,버스정류소,일반 사각 쓰레기통,재활용쓰레기,2022-00,2022-00
107,영등포동,영등포동2가 11-12,버스정류소,일반 사각 쓰레기통,일반쓰레기,2022-00,2022-00
108,영등포동,영등포동2가 11-12,버스정류소,일반 사각 쓰레기통,재활용쓰레기,2022-00,2022-00
109,여의도동,여의도동 6,버스정류소,일반 사각 쓰레기통,일반쓰레기,2022-00,2022-00
110,여의도동,여의도동 6,버스정류소,일반 사각 쓰레기통,재활용쓰레기,2022-00,2022-00
111,당산2동,당산동 37-2,버스정류소,일반 사각 쓰레기통,일반쓰레기,2022-00,2022-00
112,당산2동,당산동 37-2,버스정류소,일반 사각 쓰레기통,재활용쓰레기,2022-00,2022-00
113,당산2동,당산동 37-1,버스정류소,일반 사각 쓰레기통,일반쓰레기,2022-00,2022-00
114,당산2동,당산동 37-1,버스정류소,일반 사각 쓰레기통,재활용쓰레기,2022-00,2022-00
115,대림1동,신길로 39,버스정류소,일반 사각 쓰레기통,일반쓰레기,2022-00,2022-00
116,대림1동,신길로 39,버스정류소,일반 사각 쓰레기통,재활용쓰레기,2022-00,2022-00
117,신길4동,신길로 190 ,버스정류소,일반 사각 쓰레기통,일반쓰레기,2022-00,2022-00
118,신길4동,신길로 190 ,버스정류소,일반 사각 쓰레기통,재활용쓰레기,2022-00,2022-00
119,대림3동,대림로 195,버스정류소,일반 사각 쓰레기통,일반쓰레기,2022-00,2022-00
120,대림3동,대림로 195,버스정류소,일반 사각 쓰레기통,재활용쓰레기,2022-00,2022-00
121,대림3동,도림천로 351,버스정류소,일반 사각 쓰레기통,일반쓰레기,2022-00,2022-00
122,대림3동,도림천로 351,버스정류소,일반 사각 쓰레기통,재활용쓰레기,2022-00,2022-00
123,여의도동,여의대방로 383,버스정류소,일반 사각 쓰레기통,일반쓰레기,2022-00,2022-00
124,여의도동,여의대방로 383,버스정류소,일반 사각 쓰레기통,재활용쓰레기,2022-00,2022-00
125,여의도동,여의동로3길10,버스정류소,일반 사각 쓰레기통,일반쓰레기,2021-00,2023-00
126,여의도동,여의동로3길10,버스정류소,일반 사각 쓰레기통,재활용쓰레기,2021-00,2023-00
127,당산2동,양평로 58,버스정류소,일반 사각 쓰레기통,일반쓰레기,2022-00,2022-00
128,당산2동,양평로 58,버스정류소,일반 사각 쓰레기통,재활용쓰레기,2022-00,2022-00
129,여의도동,63로 45,도로변,일반 사각 쓰레기통,재활용쓰레기,2018-00,2018-00
130,여의도동,63로 45,도로변,일반 사각 쓰레기통,일반쓰레기,2018-00,2024-00
131,당산1동,당산로 122,버스정류소,일반 사각 쓰레기통,일반쓰레기,2023-10,2024-00
132,당산1동,당산로 122,버스정류소,일반 사각 쓰레기통,재활용쓰레기,2023-10,2024-00
133,양평2동,선유로 227,버스정류소,일반 사각 쓰레기통,일반쓰레기,2022-00,2022-00
134,양평2동,선유로 227,버스정류소,일반 사각 쓰레기통,재활용쓰레기,2022-00,2022-00
135,여의도동,의사당대로 141,버스정류소,일반 사각 쓰레기통,일반쓰레기,2021-00,2023-00
136,여의도동,의사당대로 141,버스정류소,일반 사각 쓰레기통,재활용쓰레기,2021-00,2023-00
137,당산1동,당산동2가 24,버스정류소,일반 사각 쓰레기통,일반쓰레기,2022-00,2022-00
138,당산1동,당산동2가 24,버스정류소,일반 사각 쓰레기통,재활용쓰레기,2022-00,2022-00
139,신길1동,신길동41-1,버스정류소,일반 사각 쓰레기통,일반쓰레기,2021-00,2023-00
140,신길1동,신길동41-1,버스정류소,일반 사각 쓰레기통,재활용쓰레기,2021-00,2023-00
141,신길6동,여의대방로 131,버스정류소,일반 사각 쓰레기통,일반쓰레기,2022-00,2023-00
142,신길6동,여의대방로 131,버스정류소,일반 사각 쓰레기통,재활용쓰레기,2022-00,2023-00
143,여의도동,여의도동 2-11,버스정류소,원통형,일반쓰레기,2018-00,2018-00
144,여의도동,여의도동 2-11,버스정류소,일반 사각 쓰레기통,재활용쓰레기,2018-00,2023-00
145,여의도동,여의도동 2-11,버스정류소,원통형,일반쓰레기,2018-00,2018-00
146,여의도동,여의도동 2-11,버스정류소,일반 사각 쓰레기통,재활용쓰레기,2018-00,2023-00
147,여의도동,여의도동 2-11,버스정류소,원통형,일반쓰레기,2018-00,2018-00
148,여의도동,여의도동 2-11,버스정류소,일반 사각 쓰레기통,재활용쓰레기,2018-00,2023-00
149,여의도동,여의도동 2-11,버스정류소,원통형,일반쓰레기,2018-00,2018-00
150,여의도동,여의도동 2-11,버스정류소,일반 사각 쓰레기통,재활용쓰레기,2018-00,2023-00
151,신길3동,신길동 355-672,버스정류소,일반 사각 쓰레기통,일반쓰레기,2024-07,2024-00
152,신길3동,신길동 355-672,버스정류소,일반 사각 쓰레기통,재활용쓰레기,2024-07,2024-00
153,신길6동,신길동 3591,버스정류소,일반 사각 쓰레기통,일반쓰레기,2024-07,2024-00
154,신길6동,신길동 3591,버스정류소,일반 사각 쓰레기통,재활용쓰레기,2024-07,2024-00
155,신길5동,신길동 253-314,버스정류소,일반 사각 쓰레기통,일반쓰레기,2024-07,2024-00
156,신길5동,신길동 253-314,버스정류소,일반 사각 쓰레기통,재활용쓰레기,2024-07,2024-00
157,신길5동,신길로 89,버스정류소,일반 사각 쓰레기통,일반쓰레기,2024-07,2024-00
158,신길5동,신길로 89,버스정류소,일반 사각 쓰레기통,재활용쓰레기,2024-07,2024-00
159,영등포본동,신길동 104-6,버스정류소,일반 사각 쓰레기통,일반쓰레기,2024-07,2024-00
160,영등포본동,신길동 104-6,버스정류소,일반 사각 쓰레기통,재활용쓰레기,2024-07,2024-00
161,신길4동,신길로 200-17 ,버스정류소,일반 사각 쓰레기통,일반쓰레기,2024-07,2024-00
162,신길4동,신길로 200-17 ,버스정류소,일반 사각 쓰레기통,재활용쓰레기,2024-07,2024-00
163,신길7동,신길동 1376-1,버스정류소,일반 사각 쓰레기통,일반쓰레기,2024-07,2024-00
164,신길7동,신길동 1376-1,버스정류소,일반 사각 쓰레기통,재활용쓰레기,2024-07,2024-00
165,신길1동,신길동 31-10,버스정류소,일반 사각 쓰레기통,일반쓰레기,2024-07,2024-00
166,신길1동,신길동 31-10,버스정류소,일반 사각 쓰레기통,재활용쓰레기,2024-07,2024-00
167,양평2동,양화동 1-73,버스정류소,일반 사각 쓰레기통,일반쓰레기,2024-07,2024-00
168,양평2동,양화동 1-73,버스정류소,일반 사각 쓰레기통,재활용쓰레기,2024-07,2024-00
169,양평2동,양화동 1-48,버스정류소,일반 사각 쓰레기통,일반쓰레기,2024-07,2024-00
170,양평2동,양화동 1-48,버스정류소,일반 사각 쓰레기통,재활용쓰레기,2024-07,2024-00
171,당산2동,양평로 70-1,버스정류소,일반 사각 쓰레기통,일반쓰레기,2024-07,2024-00
172,당산2동,양평로 70-1,버스정류소,일반 사각 쓰레기통,재활용쓰레기,2024-07,2024-00
173,당산2동,당산로 214,버스정류소,일반 사각 쓰레기통,일반쓰레기,2024-07,2024-00
174,당산2동,당산로 214,버스정류소,일반 사각 쓰레기통,재활용쓰레기,2024-07,2024-00
175,영등포동,영중로 145,버스정류소,일반 사각 쓰레기통,일반쓰레기,2024-07,2024-00
176,영등포동,영중로 145,버스정류소,일반 사각 쓰레기통,재활용쓰레기,2024-07,2024-00
177,영등포동,영중로 154,버스정류소,일반 사각 쓰레기통,일반쓰레기,2024-07,2024-00
178,영등포동,영중로 154,버스정류소,일반 사각 쓰레기통,재활용쓰레기,2024-07,2024-00
179,양평1동,양평동1가 20,버스정류소,일반 사각 쓰레기통,일반쓰레기,2024-07,2024-00
180,양평1동,양평동1가 20,버스정류소,일반 사각 쓰레기통,재활용쓰레기,2024-07,2024-00
181,문래동,문래동3가 68-1,버스정류소,일반 사각 쓰레기통,일반쓰레기,2024-07,2024-00
182,문래동,문래동3가 68-1,버스정류소,일반 사각 쓰레기통,재활용쓰레기,2024-07,2024-00
183,문래동,문래동3가 55-12,버스정류소,일반 사각 쓰레기통,일반쓰레기,2024-07,2024-00
184,문래동,문래동3가 55-12,버스정류소,일반 사각 쓰레기통,재활용쓰레기,2024-07,2024-00
185,영등포동,영등포로 252,버스정류소,일반 사각 쓰레기통,일반쓰레기,2024-07,2024-00
186,영등포동,영등포로 252,버스정류소,일반 사각 쓰레기통,재활용쓰레기,2024-07,2024-00
187,영등포동,영등포로 255,버스정류소,일반 사각 쓰레기통,일반쓰레기,2024-07,2024-00
188,영등포동,영등포로 255,버스정류소,일반 사각 쓰레기통,재활용쓰레기,2024-07,2024-00
189,문래동,문래동3가 68-1,버스정류소,일반 사각 쓰레기통,일반쓰레기,2024-07,2024-00
190,문래동,문래동3가 68-1,버스정류소,일반 사각 쓰레기통,재활용쓰레기,2024-07,2024-00
191,여의도동,여의대로 14,버스정류소,일반 사각 쓰레기통,일반쓰레기,2024-12,2024-00
192,여의도동,여의대로 14,버스정류소,일반 사각 쓰레기통,재활용쓰레기,2024-12,2024-00
193,여의도동,여의대로 108,버스정류소,일반 사각 쓰레기통,일반쓰레기,2024-12,2024-00
194,여의도동,여의대로 108,버스정류소,일반 사각 쓰레기통,재활용쓰레기,2024-12,2024-00
195,여의도동,여의나루로 121,버스정류소,일반 사각 쓰레기통,일반쓰레기,2024-12,2024-00
196,여의도동,여의나루로 121,버스정류소,일반 사각 쓰레기통,재활용쓰레기,2024-12,2024-00
197,여의도동,여의도동 2-2,버스정류소,일반 사각 쓰레기통,일반쓰레기,2024-12,2024-00
198,여의도동,여의도동 2-2,버스정류소,일반 사각 쓰레기통,재활용쓰레기,2024-12,2024-00
199,여의도동,국제금융로 10,버스정류소,일반 사각 쓰레기통,일반쓰레기,2024-12,2024-00
200,여의도동,국제금융로 10,버스정류소,일반 사각 쓰레기통,재활용쓰레기,2024-12,2024-00
201,여의도동,여의나루로 71,버스정류소,일반 사각 쓰레기통,일반쓰레기,2024-12,2024-00
202,여의도동,여의나루로 71,버스정류소,일반 사각 쓰레기통,재활용쓰레기,2024-12,2024-00
203,여의도동,의사당대로97-2,지하철 입구,일반 사각 쓰레기통,일반쓰레기,2024-12,2024-00
204,여의도동,의사당대로97-2,지하철 입구,일반 사각 쓰레기통,재활용쓰레기,2024-12,2024-00
205,여의도동,여의나루로 42,버스정류소,일반 사각 쓰레기통,일반쓰레기,2024-12,2024-00
206,여의도동,여의나루로 42,버스정류소,일반 사각 쓰레기통,재활용쓰레기,2024-12,2024-00
207,여의도동,여의도동 2-11,버스정류소,일반 사각 쓰레기통,일반쓰레기,2024-12,2024-00
208,여의도동,여의도동 2-11,버스정류소,일반 사각 쓰레기통,재활용쓰레기,2024-12,2024-00
209,여의도동,여의도동 8,버스정류소,일반 사각 쓰레기통,일반쓰레기,2024-12,2024-00
210,여의도동,여의도동 8,버스정류소,일반 사각 쓰레기통,재활용쓰레기,2024-12,2024-00
211,신길7동,신길동 산 168,버스정류소,일반 사각 쓰레기통,일반쓰레기,2024-12,2024-00
212,신길7동,신길동 산 168,버스정류소,일반 사각 쓰레기통,재활용쓰레기,2024-12,2024-00
213,대림1동,대림로 146,버스정류소,일반 사각 쓰레기통,일반쓰레기,2024-12,2024-00
214,대림1동,대림로 146,버스정류소,일반 사각 쓰레기통,재활용쓰레기,2024-12,2024-00
215,대림2동,대림로21길 6,버스정류소,일반 사각 쓰레기통,일반쓰레기,2024-12,2024-00
216,대림2동,대림로21길 6,버스정류소,일반 사각 쓰레기통,재활용쓰레기,2024-12,2024-00
217,신길3동,신길로 155,도로변,일반 사각 쓰레기통,일반쓰레기,2024-12,2024-00
218,신길3동,신길로 155,도로변,일반 사각 쓰레기통,재활용쓰레기,2024-12,2024-00
219,신길4동,가마산로 496,버스정류소,일반 사각 쓰레기통,일반쓰레기,2024-12,2024-00
220,신길4동,가마산로 496,버스정류소,일반 사각 쓰레기통,재활용쓰레기,2024-12,2024-00
221,신길6동,신길로 28,버스정류소,일반 사각 쓰레기통,일반쓰레기,2024-12,2024-00
222,신길6동,신길로 28,버스정류소,일반 사각 쓰레기통,재활용쓰레기,2024-12,2024-00
