연번,자치구명,설치위치(도로명주소),세부 위치,설치 장소 유형,쓰레기통 형태,수거 쓰레기 종류
1,강남구,압구정로 429,비포앤애프터클리닉,도로변(횡단보도 포함),일반 사각 쓰레기통,일반쓰레기
2,강남구,압구정로 429,비포앤애프터클리닉,도로변(횡단보도 포함),일반 사각 쓰레기통,재활용쓰레기
3,강남구,압구정로 407,갤러리아(EAST점),도로변(횡단보도 포함),일반 사각 쓰레기통,일반쓰레기
4,강남구,압구정로 407,갤러리아(EAST점),도로변(횡단보도 포함),일반 사각 쓰레기통,재활용쓰레기
5,강남구,압구정로 343,갤러리아(WEST점),도로변(횡단보도 포함),일반 사각 쓰레기통,일반쓰레기
6,강남구,압구정로 343,갤러리아(WEST점),도로변(횡단보도 포함),일반 사각 쓰레기통,재활용쓰레기
7,강남구,압구정로 343,갤러리아(생활관) 버스정류장 23158,"정류소(버스,택시 등)",일반 사각 쓰레기통,일반쓰레기
8,강남구,압구정로 343,갤러리아(생활관) 버스정류장 23158,"정류소(버스,택시 등)",일반 사각 쓰레기통,재활용쓰레기
9,강남구,압구정로 321,한양아파트 35동,도로변(횡단보도 포함),일반 사각 쓰레기통,일반쓰레기
10,강남구,압구정로 321,한양아파트 35동,도로변(횡단보도 포함),일반 사각 쓰레기통,재활용쓰레기
11,강남구,압구정로 313,한양아파트 61동 버스정류장 23156,"정류소(버스,택시 등)",일반 사각 쓰레기통,일반쓰레기
12,강남구,압구정로 313,한양아파트 61동 버스정류장 23156,"정류소(버스,택시 등)",일반 사각 쓰레기통,재활용쓰레기
13,강남구,압구정로 309,현대아파트 91동,도로변(횡단보도 포함),일반 사각 쓰레기통,일반쓰레기
14,강남구,압구정로 309,현대아파트 91동,도로변(횡단보도 포함),일반 사각 쓰레기통,재활용쓰레기
15,강남구,압구정로 201,현대아파트 84동 버스정류장 23148,"정류소(버스,택시 등)",일반 사각 쓰레기통,일반쓰레기
16,강남구,압구정로 201,현대아파트 84동 버스정류장 23148,"정류소(버스,택시 등)",일반 사각 쓰레기통,재활용쓰레기
17,강남구,압구정역,압구정역 1번출구,지하철역 입구,일반 사각 쓰레기통,일반쓰레기
18,강남구,압구정역,압구정역 1번출구,지하철역 입구,일반 사각 쓰레기통,재활용쓰레기
19,강남구,압구정로 151,신현대아파트 103동,도로변(횡단보도 포함),일반 사각 쓰레기통,일반쓰레기
20,강남구,압구정로 151,신현대아파트 103동,도로변(횡단보도 포함),일반 사각 쓰레기통,재활용쓰레기
21,강남구,압구정로 151,경희마루한의원 버스정류장 23104,"정류소(버스,택시 등)",일반 사각 쓰레기통,일반쓰레기
22,강남구,압구정로 151,경희마루한의원 버스정류장 23104,"정류소(버스,택시 등)",일반 사각 쓰레기통,재활용쓰레기
23,강남구,압구정로 151,현대아파트 101동,도로변(횡단보도 포함),일반 사각 쓰레기통,일반쓰레기
24,강남구,압구정로 151,현대아파트 101동,도로변(횡단보도 포함),일반 사각 쓰레기통,재활용쓰레기
25,강남구,압구정로 123,신사중학교,도로변(횡단보도 포함),일반 사각 쓰레기통,일반쓰레기
26,강남구,압구정로 123,신사중학교,도로변(횡단보도 포함),일반 사각 쓰레기통,재활용쓰레기
27,강남구,압구정로 123,신사중학교 버스정류장 23102,"정류소(버스,택시 등)",일반 사각 쓰레기통,일반쓰레기
28,강남구,압구정로 123,신사중학교 버스정류장 23102,"정류소(버스,택시 등)",일반 사각 쓰레기통,재활용쓰레기
29,강남구,압구정로 113,미성2차 23동앞,도로변(횡단보도 포함),일반 사각 쓰레기통,일반쓰레기
30,강남구,압구정로 113,미성2차 23동앞,도로변(횡단보도 포함),일반 사각 쓰레기통,재활용쓰레기
31,강남구,압구정로 108,덕산빌딩 버스정류장 23101,"정류소(버스,택시 등)",일반 사각 쓰레기통,일반쓰레기
32,강남구,압구정로 108,덕산빌딩 버스정류장 23101,"정류소(버스,택시 등)",일반 사각 쓰레기통,재활용쓰레기
33,강남구,압구정로 128,신사동사무소,도로변(횡단보도 포함),일반 사각 쓰레기통,일반쓰레기
34,강남구,압구정로 128,신사동사무소,도로변(횡단보도 포함),일반 사각 쓰레기통,재활용쓰레기
35,강남구,압구정로 150,대일부동산 버스정류장 23103,"정류소(버스,택시 등)",일반 사각 쓰레기통,일반쓰레기
36,강남구,압구정로 150,대일부동산 버스정류장 23103,"정류소(버스,택시 등)",일반 사각 쓰레기통,재활용쓰레기
37,강남구,압구정역,압구정역 5번출구,지하철역 입구,일반 사각 쓰레기통,일반쓰레기
38,강남구,압구정역,압구정역 5번출구,지하철역 입구,일반 사각 쓰레기통,재활용쓰레기
39,강남구,압구정로 216,소망부동산 버스정류장 23149,"정류소(버스,택시 등)",일반 사각 쓰레기통,일반쓰레기
40,강남구,압구정로 216,소망부동산 버스정류장 23149,"정류소(버스,택시 등)",일반 사각 쓰레기통,재활용쓰레기
41,강남구,압구정로 230,라움,도로변(횡단보도 포함),일반 사각 쓰레기통,일반쓰레기
42,강남구,압구정로 230,라움,도로변(횡단보도 포함),일반 사각 쓰레기통,재활용쓰레기
43,강남구,압구정로 310,대영부동산,도로변(횡단보도 포함),일반 사각 쓰레기통,일반쓰레기
44,강남구,압구정로 310,대영부동산,도로변(횡단보도 포함),일반 사각 쓰레기통,재활용쓰레기
45,강남구,압구정로 316,더블유 수약국 버스정류장 23157,"정류소(버스,택시 등)",일반 사각 쓰레기통,일반쓰레기
46,강남구,압구정로 316,더블유 수약국 버스정류장 23157,"정류소(버스,택시 등)",일반 사각 쓰레기통,재활용쓰레기
47,강남구,압구정로 328,우리은행,도로변(횡단보도 포함),일반 사각 쓰레기통,일반쓰레기
48,강남구,압구정로 328,우리은행,도로변(횡단보도 포함),일반 사각 쓰레기통,재활용쓰레기
49,강남구,압구정로 338,동서상가 버스정류장 23159,"정류소(버스,택시 등)",일반 사각 쓰레기통,일반쓰레기
50,강남구,압구정로 338,동서상가 버스정류장 23159,"정류소(버스,택시 등)",일반 사각 쓰레기통,재활용쓰레기
51,강남구,압구정로데오역,압구정로데오역 6번출구,지하철역 입구,일반 사각 쓰레기통,일반쓰레기
52,강남구,압구정로데오역,압구정로데오역 6번출구,지하철역 입구,일반 사각 쓰레기통,재활용쓰레기
53,강남구,선릉로 846,CJ성형외과,도로변(횡단보도 포함),일반 사각 쓰레기통,일반쓰레기
54,강남구,선릉로 846,CJ성형외과,도로변(횡단보도 포함),일반 사각 쓰레기통,재활용쓰레기
55,강남구,압구정로 440,삼아약품 버스정류장 23182,"정류소(버스,택시 등)",일반 사각 쓰레기통,일반쓰레기
56,강남구,압구정로 440,삼아약품 버스정류장 23182,"정류소(버스,택시 등)",일반 사각 쓰레기통,재활용쓰레기
57,강남구,도산대로 459,버버리,도로변(횡단보도 포함),일반 사각 쓰레기통,일반쓰레기
58,강남구,도산대로 459,버버리,도로변(횡단보도 포함),일반 사각 쓰레기통,재활용쓰레기
59,강남구,도산대로 521,이디야커피 청담사거리점,도로변(횡단보도 포함),일반 사각 쓰레기통,일반쓰레기
60,강남구,도산대로 521,이디야커피 청담사거리점,도로변(횡단보도 포함),일반 사각 쓰레기통,재활용쓰레기
61,강남구,도산대로 511,도직한우 버스정류장 23166,"정류소(버스,택시 등)",일반 사각 쓰레기통,일반쓰레기
62,강남구,도산대로 511,도직한우 버스정류장 23166,"정류소(버스,택시 등)",일반 사각 쓰레기통,재활용쓰레기
63,강남구,도산대로 443,벤틀리 서울강남전시장,도로변(횡단보도 포함),일반 사각 쓰레기통,일반쓰레기
64,강남구,도산대로 443,벤틀리 서울강남전시장,도로변(횡단보도 포함),일반 사각 쓰레기통,재활용쓰레기
65,강남구,도산대로 419,밀레,도로변(횡단보도 포함),일반 사각 쓰레기통,일반쓰레기
66,강남구,도산대로 419,밀레,도로변(횡단보도 포함),일반 사각 쓰레기통,재활용쓰레기
67,강남구,선릉로 801,국민은행,도로변(횡단보도 포함),기타(텀블러형 등),일반쓰레기
68,강남구,선릉로 801,국민은행,도로변(횡단보도 포함),기타(텀블러형 등),재활용쓰레기
69,강남구,도산대로 327,쉐이크쉑 버스정류장 23161,"정류소(버스,택시 등)",일반 사각 쓰레기통,일반쓰레기
70,강남구,도산대로 327,쉐이크쉑 버스정류장 23161,"정류소(버스,택시 등)",일반 사각 쓰레기통,재활용쓰레기
71,강남구,도산대로 307,기업은행,도로변(횡단보도 포함),일반 사각 쓰레기통,일반쓰레기
72,강남구,도산대로 307,기업은행,도로변(횡단보도 포함),일반 사각 쓰레기통,재활용쓰레기
73,강남구,도산대로 239,한성모터스,도로변(횡단보도 포함),일반 사각 쓰레기통,일반쓰레기
74,강남구,도산대로 239,한성모터스,도로변(횡단보도 포함),일반 사각 쓰레기통,재활용쓰레기
75,강남구,도산대로 221,마세라티 강남전시장 버스정류장 23151,"정류소(버스,택시 등)",일반 사각 쓰레기통,일반쓰레기
76,강남구,도산대로 221,마세라티 강남전시장 버스정류장 23151,"정류소(버스,택시 등)",일반 사각 쓰레기통,재활용쓰레기
77,강남구,도산대로 157,바른약국,도로변(횡단보도 포함),일반 사각 쓰레기통,일반쓰레기
78,강남구,도산대로 157,바른약국,도로변(횡단보도 포함),일반 사각 쓰레기통,재활용쓰레기
79,강남구,도산대로 127,KT 버스정류장 23108,"정류소(버스,택시 등)",일반 사각 쓰레기통,일반쓰레기
80,강남구,도산대로 127,KT 버스정류장 23108,"정류소(버스,택시 등)",일반 사각 쓰레기통,재활용쓰레기
81,강남구,신사역,신사역 8번출구,지하철역 입구,일반 사각 쓰레기통,일반쓰레기
82,강남구,신사역,신사역 8번출구,지하철역 입구,일반 사각 쓰레기통,재활용쓰레기
83,강남구,신사역,신사역 7번출구,지하철역 입구,일반 사각 쓰레기통,일반쓰레기
84,강남구,신사역,신사역 7번출구,지하철역 입구,일반 사각 쓰레기통,재활용쓰레기
85,강남구,신사역,신사역 2번출구,지하철역 입구,일반 사각 쓰레기통,일반쓰레기
86,강남구,신사역,신사역 2번출구,지하철역 입구,일반 사각 쓰레기통,재활용쓰레기
87,강남구,신사역,신사역 1번출구,지하철역 입구,일반 사각 쓰레기통,일반쓰레기
88,강남구,신사역,신사역 1번출구,지하철역 입구,일반 사각 쓰레기통,재활용쓰레기
89,강남구,도산대로 120,청호빌딩 버스정류장 23111,"정류소(버스,택시 등)",일반 사각 쓰레기통,일반쓰레기
90,강남구,도산대로 120,청호빌딩 버스정류장 23111,"정류소(버스,택시 등)",일반 사각 쓰레기통,재활용쓰레기
91,강남구,도산대로 134,애플,도로변(횡단보도 포함),일반 사각 쓰레기통,일반쓰레기
92,강남구,도산대로 134,애플,도로변(횡단보도 포함),일반 사각 쓰레기통,재활용쓰레기
93,강남구,도산대로 202,을지병원,도로변(횡단보도 포함),기타(텀블러형 등),일반쓰레기
94,강남구,도산대로 202,을지병원,도로변(횡단보도 포함),기타(텀블러형 등),재활용쓰레기
95,강남구,도산대로 218,에이스침대,도로변(횡단보도 포함),일반 사각 쓰레기통,일반쓰레기
96,강남구,도산대로 218,에이스침대,도로변(횡단보도 포함),일반 사각 쓰레기통,재활용쓰레기
97,강남구,도산대로 306 ,아우디,도로변(횡단보도 포함),일반 사각 쓰레기통,일반쓰레기
98,강남구,도산대로 306 ,아우디,도로변(횡단보도 포함),일반 사각 쓰레기통,재활용쓰레기
99,강남구,도산대로 318,신한은행,도로변(횡단보도 포함),일반 사각 쓰레기통,일반쓰레기
100,강남구,도산대로 318,신한은행,도로변(횡단보도 포함),일반 사각 쓰레기통,재활용쓰레기
101,강남구,도산대로 336,삼성전자서비스센터,도로변(횡단보도 포함),기타(텀블러형 등),일반쓰레기
102,강남구,도산대로 336,삼성전자서비스센터,도로변(횡단보도 포함),기타(텀블러형 등),재활용쓰레기
103,강남구,선릉로 762,하나금융프라자,도로변(횡단보도 포함),기타(텀블러형 등),일반쓰레기
104,강남구,선릉로 762,하나금융프라자,도로변(횡단보도 포함),기타(텀블러형 등),재활용쓰레기
105,강남구,도산대로 420,포르쉐스튜디오,도로변(횡단보도 포함),일반 사각 쓰레기통,일반쓰레기
106,강남구,도산대로 420,포르쉐스튜디오,도로변(횡단보도 포함),일반 사각 쓰레기통,재활용쓰레기
107,강남구,도산대로 442,SSG푸드마켓 버스정류장 23185,"정류소(버스,택시 등)",일반 사각 쓰레기통,일반쓰레기
108,강남구,도산대로 442,SSG푸드마켓 버스정류장 23185,"정류소(버스,택시 등)",일반 사각 쓰레기통,재활용쓰레기
109,강남구,도산대로 502,보테가라운지,도로변(횡단보도 포함),기타(텀블러형 등),일반쓰레기
110,강남구,도산대로 502,보테가라운지,도로변(횡단보도 포함),기타(텀블러형 등),재활용쓰레기
111,강남구,도산대로 524,청담빌딩,도로변(횡단보도 포함),일반 사각 쓰레기통,일반쓰레기
112,강남구,도산대로 524,청담빌딩,도로변(횡단보도 포함),일반 사각 쓰레기통,재활용쓰레기
113,강남구,도산대로 532,스타벅스커피 버스정류장 23167,"정류소(버스,택시 등)",일반 사각 쓰레기통,일반쓰레기
114,강남구,도산대로 532,스타벅스커피 버스정류장 23167,"정류소(버스,택시 등)",일반 사각 쓰레기통,재활용쓰레기
115,강남구,도산대로 536,프리마호텔,도로변(횡단보도 포함),일반 사각 쓰레기통,일반쓰레기
116,강남구,도산대로 536,프리마호텔,도로변(횡단보도 포함),일반 사각 쓰레기통,재활용쓰레기
117,강남구,학동로 523,세븐일레븐 버스정류장 23172,"정류소(버스,택시 등)",일반 사각 쓰레기통,일반쓰레기
118,강남구,학동로 523,세븐일레븐 버스정류장 23172,"정류소(버스,택시 등)",일반 사각 쓰레기통,재활용쓰레기
119,강남구,학동로 513,진흥아파트 5동 앞,지하철역 입구,일반 사각 쓰레기통,일반쓰레기
120,강남구,학동로 513,진흥아파트 5동 앞,지하철역 입구,일반 사각 쓰레기통,재활용쓰레기
121,강남구,청담역,청담역 11번출구,지하철역 입구,일반 사각 쓰레기통,일반쓰레기
122,강남구,청담역,청담역 11번출구,지하철역 입구,일반 사각 쓰레기통,재활용쓰레기
123,강남구,청담역,청담역 10번출구,지하철역 입구,일반 사각 쓰레기통,일반쓰레기
124,강남구,청담역,청담역 10번출구,지하철역 입구,일반 사각 쓰레기통,재활용쓰레기
125,강남구,학동로 425,강남세무서 버스정류장 23176,"정류소(버스,택시 등)",일반 사각 쓰레기통,일반쓰레기
126,강남구,학동로 425,강남세무서 버스정류장 23176,"정류소(버스,택시 등)",일반 사각 쓰레기통,재활용쓰레기
127,강남구,학동로 405,삼성아파트 101동 앞 버스정류장 23177,"정류소(버스,택시 등)",일반 사각 쓰레기통,일반쓰레기
128,강남구,학동로 405,삼성아파트 101동 앞 버스정류장 23177,"정류소(버스,택시 등)",일반 사각 쓰레기통,재활용쓰레기
129,강남구,강남구청역,강남구청역 4번출구,지하철역 입구,기타(텀블러형 등),일반쓰레기
130,강남구,강남구청역,강남구청역 4번출구,지하철역 입구,기타(텀블러형 등),재활용쓰레기
131,강남구,강남구청역,강남구청역 3번출구,지하철역 입구,일반 사각 쓰레기통,일반쓰레기
132,강남구,강남구청역,강남구청역 3번출구,지하철역 입구,일반 사각 쓰레기통,재활용쓰레기
133,강남구,학동로 337,T-world 버스정류장 23128,"정류소(버스,택시 등)",일반 사각 쓰레기통,일반쓰레기
134,강남구,학동로 337,T-world 버스정류장 23128,"정류소(버스,택시 등)",일반 사각 쓰레기통,재활용쓰레기
135,강남구,언주로 702,바나프레소,도로변(횡단보도 포함),일반 사각 쓰레기통,일반쓰레기
136,강남구,언주로 702,바나프레소,도로변(횡단보도 포함),일반 사각 쓰레기통,재활용쓰레기
137,강남구,학동로 233,서울제이에스병원 버스정류장 23147,"정류소(버스,택시 등)",일반 사각 쓰레기통,일반쓰레기
138,강남구,학동로 233,서울제이에스병원 버스정류장 23147,"정류소(버스,택시 등)",일반 사각 쓰레기통,재활용쓰레기
139,강남구,학동로 227,논현2동파출소,도로변(횡단보도 포함),일반 사각 쓰레기통,일반쓰레기
140,강남구,학동로 227,논현2동파출소,도로변(횡단보도 포함),일반 사각 쓰레기통,재활용쓰레기
141,강남구,학동로 207,학동역 9번출구,지하철역 입구,일반 사각 쓰레기통,일반쓰레기
142,강남구,학동로 207,학동역 9번출구,지하철역 입구,일반 사각 쓰레기통,재활용쓰레기
143,강남구,학동역,학동역 6번출구,지하철역 입구,기타(텀블러형 등),일반쓰레기
144,강남구,학동역,학동역 6번출구,지하철역 입구,기타(텀블러형 등),재활용쓰레기
145,강남구,학동로 171,삼익뮤직프라자 버스정류장 23115,"정류소(버스,택시 등)",일반 사각 쓰레기통,일반쓰레기
146,강남구,학동로 171,삼익뮤직프라자 버스정류장 23115,"정류소(버스,택시 등)",일반 사각 쓰레기통,재활용쓰레기
147,강남구,학동로 143,나뚜찌,도로변(횡단보도 포함),일반 사각 쓰레기통,일반쓰레기
148,강남구,학동로 143,나뚜찌,도로변(횡단보도 포함),일반 사각 쓰레기통,재활용쓰레기
149,강남구,학동로 117,포레힐호텔 버스정류장 23116,"정류소(버스,택시 등)",일반 사각 쓰레기통,일반쓰레기
150,강남구,학동로 117,포레힐호텔 버스정류장 23116,"정류소(버스,택시 등)",일반 사각 쓰레기통,재활용쓰레기
151,강남구,논현역,논현역 8번출구,지하철역 입구,일반 사각 쓰레기통,일반쓰레기
152,강남구,논현역,논현역 8번출구,지하철역 입구,일반 사각 쓰레기통,재활용쓰레기
153,강남구,학동로 106,동일빌딩 버스정류장 23117,"정류소(버스,택시 등)",일반 사각 쓰레기통,일반쓰레기
154,강남구,학동로 106,동일빌딩 버스정류장 23117,"정류소(버스,택시 등)",일반 사각 쓰레기통,재활용쓰레기
155,강남구,학동역,학동로 5번출구,지하철역 입구,일반 사각 쓰레기통,일반쓰레기
156,강남구,학동역,학동로 5번출구,지하철역 입구,일반 사각 쓰레기통,재활용쓰레기
157,강남구,학동역,학동역 2번출구,지하철역 입구,일반 사각 쓰레기통,일반쓰레기
158,강남구,학동역,학동역 2번출구,지하철역 입구,일반 사각 쓰레기통,재활용쓰레기
159,강남구,학동역,학동역 1번출구,지하철역 입구,일반 사각 쓰레기통,일반쓰레기
160,강남구,학동역,학동역 1번출구,지하철역 입구,일반 사각 쓰레기통,재활용쓰레기
161,강남구,언주로 652,단스시,도로변(횡단보도 포함),일반 사각 쓰레기통,일반쓰레기
162,강남구,언주로 652,단스시,도로변(횡단보도 포함),일반 사각 쓰레기통,재활용쓰레기
163,강남구,학동로 310,카페마스터 버스정류장 23134,"정류소(버스,택시 등)",일반 사각 쓰레기통,일반쓰레기
164,강남구,학동로 310,카페마스터 버스정류장 23134,"정류소(버스,택시 등)",일반 사각 쓰레기통,재활용쓰레기
165,강남구,학동로 338,정관장 버스정류장 23135,"정류소(버스,택시 등)",일반 사각 쓰레기통,일반쓰레기
166,강남구,학동로 338,정관장 버스정류장 23135,"정류소(버스,택시 등)",일반 사각 쓰레기통,재활용쓰레기
167,강남구,학동로 342,허브프라자,도로변(횡단보도 포함),일반 사각 쓰레기통,일반쓰레기
168,강남구,학동로 342,허브프라자,도로변(횡단보도 포함),일반 사각 쓰레기통,재활용쓰레기
169,강남구,선릉로 130길 19,서광아파트 101동앞 버스정류장 23205,"정류소(버스,택시 등)",일반 사각 쓰레기통,일반쓰레기
170,강남구,선릉로 130길 19,서광아파트 101동앞 버스정류장 23205,"정류소(버스,택시 등)",일반 사각 쓰레기통,재활용쓰레기
171,강남구,학동로 408,삼성월드 아파트 앞,도로변(횡단보도 포함),일반 사각 쓰레기통,일반쓰레기
172,강남구,학동로 408,삼성월드 아파트 앞,도로변(횡단보도 포함),일반 사각 쓰레기통,재활용쓰레기
173,강남구,학동로 412,한솔아파트 101동 앞,도로변(횡단보도 포함),일반 사각 쓰레기통,일반쓰레기
174,강남구,학동로 412,한솔아파트 101동 앞,도로변(횡단보도 포함),일반 사각 쓰레기통,재활용쓰레기
175,강남구,학동로 426,강남구청,도로변(횡단보도 포함),일반 사각 쓰레기통,일반쓰레기
176,강남구,학동로 426,강남구청,도로변(횡단보도 포함),일반 사각 쓰레기통,재활용쓰레기
177,강남구,학동로 426,강남구청 버스정류장 23206,"정류소(버스,택시 등)",일반 사각 쓰레기통,일반쓰레기
178,강남구,학동로 426,강남구청 버스정류장 23206,"정류소(버스,택시 등)",일반 사각 쓰레기통,재활용쓰레기
179,강남구,학동로 446,청담역 7번출구,도로변(횡단보도 포함),일반 사각 쓰레기통,일반쓰레기
180,강남구,학동로 446,청담역 7번출구,도로변(횡단보도 포함),일반 사각 쓰레기통,재활용쓰레기
181,강남구,청담역,청담역 4번출구,지하철역 입구,일반 사각 쓰레기통,일반쓰레기
182,강남구,청담역,청담역 4번출구,지하철역 입구,일반 사각 쓰레기통,재활용쓰레기
183,강남구,학동로 524,청담불한증막 버스정류장 23187,"정류소(버스,택시 등)",일반 사각 쓰레기통,일반쓰레기
184,강남구,학동로 524,청담불한증막 버스정류장 23187,"정류소(버스,택시 등)",일반 사각 쓰레기통,재활용쓰레기
185,강남구,봉은사로 645,삼성라테라스아파트,도로변(횡단보도 포함),일반 사각 쓰레기통,일반쓰레기
186,강남구,봉은사로 645,삼성라테라스아파트,도로변(횡단보도 포함),일반 사각 쓰레기통,재활용쓰레기
187,강남구,봉은사로 633,달콤커피 버스정류장 23855,"정류소(버스,택시 등)",일반 사각 쓰레기통,일반쓰레기
188,강남구,봉은사로 633,달콤커피 버스정류장 23855,"정류소(버스,택시 등)",일반 사각 쓰레기통,재활용쓰레기
189,강남구,영동대로 602,미켈란 107,도로변(횡단보도 포함),일반 사각 쓰레기통,일반쓰레기
190,강남구,영동대로 602,미켈란 107,도로변(횡단보도 포함),일반 사각 쓰레기통,재활용쓰레기
191,강남구,봉은사역,봉은사역 1번출구,도로변(횡단보도 포함),일반 사각 쓰레기통,일반쓰레기
192,강남구,봉은사역,봉은사역 1번출구,도로변(횡단보도 포함),일반 사각 쓰레기통,재활용쓰레기
193,강남구,봉은사로 535,GS25 버스정류장 23190,"정류소(버스,택시 등)",일반 사각 쓰레기통,일반쓰레기
194,강남구,봉은사로 535,GS25 버스정류장 23190,"정류소(버스,택시 등)",일반 사각 쓰레기통,재활용쓰레기
195,강남구,봉은사로 531,봉은사,도로변(횡단보도 포함),일반 사각 쓰레기통,일반쓰레기
196,강남구,봉은사로 531,봉은사,도로변(횡단보도 포함),일반 사각 쓰레기통,재활용쓰레기
197,강남구,삼성1동 75,더라빌입구,도로변(횡단보도 포함),일반 사각 쓰레기통,일반쓰레기
198,강남구,삼성1동 75,더라빌입구,도로변(횡단보도 포함),일반 사각 쓰레기통,재활용쓰레기
199,강남구,봉은사로 503,오천주유소,도로변(횡단보도 포함),일반 사각 쓰레기통,일반쓰레기
200,강남구,봉은사로 503,오천주유소,도로변(횡단보도 포함),일반 사각 쓰레기통,재활용쓰레기
201,강남구,봉은사로 479,국민은행,도로변(횡단보도 포함),일반 사각 쓰레기통,일반쓰레기
202,강남구,봉은사로 479,국민은행,도로변(횡단보도 포함),일반 사각 쓰레기통,재활용쓰레기
203,강남구,봉은사로 471,총각네 삼성힐스테이트점 버스정류장 23210,"정류소(버스,택시 등)",기타(텀블러형 등),일반쓰레기
204,강남구,봉은사로 471,총각네 삼성힐스테이트점 버스정류장 23210,"정류소(버스,택시 등)",기타(텀블러형 등),재활용쓰레기
205,강남구,봉은사로 435,한국통신사업자 버스정류장 23575,"정류소(버스,택시 등)",기타(텀블러형 등),일반쓰레기
206,강남구,봉은사로 435,한국통신사업자 버스정류장 23575,"정류소(버스,택시 등)",기타(텀블러형 등),재활용쓰레기
207,강남구,봉은사로 419,삼성2동주민센터 버스정류장 23212,"정류소(버스,택시 등)",기타(텀블러형 등),일반쓰레기
208,강남구,봉은사로 419,삼성2동주민센터 버스정류장 23212,"정류소(버스,택시 등)",기타(텀블러형 등),재활용쓰레기
209,강남구,봉은사로 323,T-모터스,도로변(횡단보도 포함),기타(텀블러형 등),일반쓰레기
210,강남구,봉은사로 323,T-모터스,도로변(횡단보도 포함),기타(텀블러형 등),재활용쓰레기
211,강남구,언주로 604,쿨마트 앞 버스정류장 23138,"정류소(버스,택시 등)",일반 사각 쓰레기통,일반쓰레기
212,강남구,언주로 604,쿨마트 앞 버스정류장 23138,"정류소(버스,택시 등)",일반 사각 쓰레기통,재활용쓰레기
213,강남구,언주로 604,아크로힐스,도로변(횡단보도 포함),일반 사각 쓰레기통,일반쓰레기
214,강남구,언주로 604,아크로힐스,도로변(횡단보도 포함),일반 사각 쓰레기통,재활용쓰레기
215,강남구,봉은사로 229,경복주차장 버스정류장 23143,"정류소(버스,택시 등)",일반 사각 쓰레기통,일반쓰레기
216,강남구,봉은사로 229,경복주차장 버스정류장 23143,"정류소(버스,택시 등)",일반 사각 쓰레기통,재활용쓰레기
217,강남구,봉은사로 209,올리브영 버스정류장 23144,"정류소(버스,택시 등)",일반 사각 쓰레기통,일반쓰레기
218,강남구,봉은사로 209,올리브영 버스정류장 23144,"정류소(버스,택시 등)",일반 사각 쓰레기통,재활용쓰레기
219,강남구,봉은사로 129,거평타운,도로변(횡단보도 포함),일반 사각 쓰레기통,일반쓰레기
220,강남구,봉은사로 129,거평타운,도로변(횡단보도 포함),일반 사각 쓰레기통,재활용쓰레기
221,강남구,봉은사로 111,ES타워 버스정류장 23121,"정류소(버스,택시 등)",일반 사각 쓰레기통,일반쓰레기
222,강남구,봉은사로 111,ES타워 버스정류장 23121,"정류소(버스,택시 등)",일반 사각 쓰레기통,재활용쓰레기
223,강남구,봉은사로 110,신논현역 4번출구 버스정류장 23266,"정류소(버스,택시 등)",일반 사각 쓰레기통,일반쓰레기
224,강남구,봉은사로 110,신논현역 4번출구 버스정류장 23266,"정류소(버스,택시 등)",일반 사각 쓰레기통,재활용쓰레기
225,강남구,봉은사로 150,삼정호텔 차병원 건강검진센터 버스정류장 23267,"정류소(버스,택시 등)",일반 사각 쓰레기통,일반쓰레기
226,강남구,봉은사로 150,삼정호텔 차병원 건강검진센터 버스정류장 23267,"정류소(버스,택시 등)",일반 사각 쓰레기통,재활용쓰레기
227,강남구,봉은사로 204,언주역 5번출구,도로변(횡단보도 포함),일반 사각 쓰레기통,일반쓰레기
228,강남구,봉은사로 204,언주역 5번출구,도로변(횡단보도 포함),일반 사각 쓰레기통,재활용쓰레기
229,강남구,봉은사로 210,송산빌딩 버스정류장 23270,"정류소(버스,택시 등)",일반 사각 쓰레기통,일반쓰레기
230,강남구,봉은사로 210,송산빌딩 버스정류장 23270,"정류소(버스,택시 등)",일반 사각 쓰레기통,재활용쓰레기
231,강남구,봉은사로 220,휴베이스 웃는약국,도로변(횡단보도 포함),일반 사각 쓰레기통,일반쓰레기
232,강남구,봉은사로 220,휴베이스 웃는약국,도로변(횡단보도 포함),일반 사각 쓰레기통,재활용쓰레기
233,강남구,언주로 565,상지카일룸블랙오피스텔,도로변(횡단보도 포함),일반 사각 쓰레기통,일반쓰레기
234,강남구,언주로 565,상지카일룸블랙오피스텔,도로변(횡단보도 포함),일반 사각 쓰레기통,재활용쓰레기
235,강남구,봉은사로 302,우리은행,도로변(횡단보도 포함),일반 사각 쓰레기통,일반쓰레기
236,강남구,봉은사로 302,우리은행,도로변(횡단보도 포함),일반 사각 쓰레기통,재활용쓰레기
237,강남구,봉은사로 306,NK타워 버스정류장 23273,"정류소(버스,택시 등)",일반 사각 쓰레기통,일반쓰레기
238,강남구,봉은사로 306,NK타워 버스정류장 23273,"정류소(버스,택시 등)",일반 사각 쓰레기통,재활용쓰레기
239,강남구,봉은사로 328,창일빌딩 버스정류장 23274,"정류소(버스,택시 등)",일반 사각 쓰레기통,일반쓰레기
240,강남구,봉은사로 328,창일빌딩 버스정류장 23274,"정류소(버스,택시 등)",일반 사각 쓰레기통,재활용쓰레기
241,강남구,봉은사로 410,라마다호텔,도로변(횡단보도 포함),일반 사각 쓰레기통,일반쓰레기
242,강남구,봉은사로 410,라마다호텔,도로변(횡단보도 포함),일반 사각 쓰레기통,재활용쓰레기
243,강남구,봉은사로 422,구다모 버스정류장 23213,"정류소(버스,택시 등)",일반 사각 쓰레기통,일반쓰레기
244,강남구,봉은사로 422,구다모 버스정류장 23213,"정류소(버스,택시 등)",일반 사각 쓰레기통,재활용쓰레기
245,강남구,봉은사로 476,우리은행,도로변(횡단보도 포함),일반 사각 쓰레기통,일반쓰레기
246,강남구,봉은사로 476,우리은행,도로변(횡단보도 포함),일반 사각 쓰레기통,재활용쓰레기
247,강남구,봉은사로 502,버거킹,도로변(횡단보도 포함),일반 사각 쓰레기통,일반쓰레기
248,강남구,봉은사로 502,버거킹,도로변(횡단보도 포함),일반 사각 쓰레기통,재활용쓰레기
249,강남구,봉은사로 524,아셈회의장 버스정류장 23191,"정류소(버스,택시 등)",일반 사각 쓰레기통,일반쓰레기
250,강남구,봉은사로 524,아셈회의장 버스정류장 23191,"정류소(버스,택시 등)",일반 사각 쓰레기통,재활용쓰레기
251,강남구,봉은사로 612,광동한방병원 버스정류장 23193,"정류소(버스,택시 등)",일반 사각 쓰레기통,일반쓰레기
252,강남구,봉은사로 612,광동한방병원 버스정류장 23193,"정류소(버스,택시 등)",일반 사각 쓰레기통,재활용쓰레기
253,강남구,봉은사로 634,신의주찹쌀순대 버스정류장 23194,"정류소(버스,택시 등)",일반 사각 쓰레기통,일반쓰레기
254,강남구,봉은사로 634,신의주찹쌀순대 버스정류장 23194,"정류소(버스,택시 등)",일반 사각 쓰레기통,재활용쓰레기
255,강남구,봉은사로 623,삼성빌딩 버스정류장 23196,"정류소(버스,택시 등)",일반 사각 쓰레기통,일반쓰레기
256,강남구,봉은사로 623,삼성빌딩 버스정류장 23196,"정류소(버스,택시 등)",일반 사각 쓰레기통,재활용쓰레기
257,강남구,삼성역,삼성역 8번출구,지하철역 입구,일반 사각 쓰레기통,일반쓰레기
258,강남구,삼성역,삼성역 8번출구,지하철역 입구,일반 사각 쓰레기통,재활용쓰레기
259,강남구,삼성역,삼성역 5번출구,지하철역 입구,일반 사각 쓰레기통,일반쓰레기
260,강남구,삼성역,삼성역 5번출구,지하철역 입구,일반 사각 쓰레기통,재활용쓰레기
261,강남구,봉은사로 524,인터콘티넨탈호텔(테헤란로) 버스정류장 23201,"정류소(버스,택시 등)",일반 사각 쓰레기통,일반쓰레기
262,강남구,봉은사로 524,인터콘티넨탈호텔(테헤란로) 버스정류장 23201,"정류소(버스,택시 등)",일반 사각 쓰레기통,재활용쓰레기
263,강남구,테헤란로 509,NC타워,도로변(횡단보도 포함),일반 사각 쓰레기통,일반쓰레기
264,강남구,테헤란로 509,NC타워,도로변(횡단보도 포함),일반 사각 쓰레기통,재활용쓰레기
265,강남구,테헤란로 507,위워크빌딩 하나은행 버스정류장 23514,"정류소(버스,택시 등)",일반 사각 쓰레기통,일반쓰레기
266,강남구,테헤란로 507,위워크빌딩 하나은행 버스정류장 23514,"정류소(버스,택시 등)",일반 사각 쓰레기통,재활용쓰레기
267,강남구,테헤란로 501,IBK기업은행,도로변(횡단보도 포함),기타(텀블러형 등),일반쓰레기
268,강남구,테헤란로 501,IBK기업은행,도로변(횡단보도 포함),기타(텀블러형 등),재활용쓰레기
269,강남구,테헤란로 447,KB우준타워,도로변(횡단보도 포함),일반 사각 쓰레기통,일반쓰레기
270,강남구,테헤란로 447,KB우준타워,도로변(횡단보도 포함),일반 사각 쓰레기통,재활용쓰레기
271,강남구,테헤란로 439,송암빌딩 버스정류장 23217,"정류소(버스,택시 등)",기타(텀블러형 등),일반쓰레기
272,강남구,테헤란로 439,송암빌딩 버스정류장 23217,"정류소(버스,택시 등)",기타(텀블러형 등),재활용쓰레기
273,강남구,테헤란로 419,삼성생명,도로변(횡단보도 포함),일반 사각 쓰레기통,일반쓰레기
274,강남구,테헤란로 419,삼성생명,도로변(횡단보도 포함),일반 사각 쓰레기통,재활용쓰레기
275,강남구,테헤란로 413,카페베네 버스정류장 23241,"정류소(버스,택시 등)",일반 사각 쓰레기통,일반쓰레기
276,강남구,테헤란로 413,카페베네 버스정류장 23241,"정류소(버스,택시 등)",일반 사각 쓰레기통,재활용쓰레기
277,강남구,선릉역,선릉역 10번출구,지하철역 입구,일반 사각 쓰레기통,일반쓰레기
278,강남구,선릉역,선릉역 10번출구,지하철역 입구,일반 사각 쓰레기통,재활용쓰레기
279,강남구,선릉역,선릉역 6번출구,지하철역 입구,일반 사각 쓰레기통,일반쓰레기
280,강남구,선릉역,선릉역 6번출구,지하철역 입구,일반 사각 쓰레기통,재활용쓰레기
281,강남구,선릉역,선릉역 5번출구,지하철역 입구,일반 사각 쓰레기통,일반쓰레기
282,강남구,선릉역,선릉역 5번출구,지하철역 입구,일반 사각 쓰레기통,재활용쓰레기
283,강남구,테헤란로 317,동훈타워,도로변(횡단보도 포함),일반 사각 쓰레기통,일반쓰레기
284,강남구,테헤란로 317,동훈타워,도로변(횡단보도 포함),일반 사각 쓰레기통,재활용쓰레기
285,강남구,테헤란로 305,한국기술센터 버스정류장 23277,"정류소(버스,택시 등)",일반 사각 쓰레기통,일반쓰레기
286,강남구,테헤란로 305,한국기술센터 버스정류장 23277,"정류소(버스,택시 등)",일반 사각 쓰레기통,재활용쓰레기
287,강남구,테헤란로 237,라마다르네상스,도로변(횡단보도 포함),일반 사각 쓰레기통,일반쓰레기
288,강남구,테헤란로 237,라마다르네상스,도로변(횡단보도 포함),일반 사각 쓰레기통,재활용쓰레기
289,강남구,테헤란로 223,"스타벅스 큰길타워점, 큰길타워빌딩",도로변(횡단보도 포함),일반 사각 쓰레기통,일반쓰레기
290,강남구,테헤란로 223,"스타벅스 큰길타워점, 큰길타워빌딩",도로변(횡단보도 포함),일반 사각 쓰레기통,재활용쓰레기
291,강남구,테헤란로 217,오렌지플래닛,도로변(횡단보도 포함),일반 사각 쓰레기통,일반쓰레기
292,강남구,테헤란로 217,오렌지플래닛,도로변(횡단보도 포함),일반 사각 쓰레기통,재활용쓰레기
293,강남구,테헤란로 205,역삼빌딩 버스정류장 23280,"정류소(버스,택시 등)",일반 사각 쓰레기통,일반쓰레기
294,강남구,테헤란로 205,역삼빌딩 버스정류장 23280,"정류소(버스,택시 등)",일반 사각 쓰레기통,재활용쓰레기
295,강남구,테헤란로 203,ing빌딩,도로변(횡단보도 포함),일반 사각 쓰레기통,일반쓰레기
296,강남구,테헤란로 203,ing빌딩,도로변(횡단보도 포함),일반 사각 쓰레기통,재활용쓰레기
297,강남구,역삼역,역삼역 8번출구,지하철역 입구,일반 사각 쓰레기통,일반쓰레기
298,강남구,역삼역,역삼역 8번출구,지하철역 입구,일반 사각 쓰레기통,재활용쓰레기
299,강남구,역삼역,역삼역 5번출구,지하철역 입구,기타(텀블러형 등),일반쓰레기
300,강남구,역삼역,역삼역 5번출구,지하철역 입구,기타(텀블러형 등),재활용쓰레기
301,강남구,역삼역,역삼역 4번출구,지하철역 입구,기타(텀블러형 등),일반쓰레기
302,강남구,역삼역,역삼역 4번출구,지하철역 입구,기타(텀블러형 등),재활용쓰레기
303,강남구,테헤란로 131,특허청,도로변(횡단보도 포함),기타(텀블러형 등),일반쓰레기
304,강남구,테헤란로 131,특허청,도로변(횡단보도 포함),기타(텀블러형 등),재활용쓰레기
305,강남구,테헤란로 129,"블루보틀 역삼카페, 강남N타워",도로변(횡단보도 포함),일반 사각 쓰레기통,일반쓰레기
306,강남구,테헤란로 129,"블루보틀 역삼카페, 강남N타워",도로변(횡단보도 포함),일반 사각 쓰레기통,재활용쓰레기
307,강남구,테헤란로 123,여삼빌딩,도로변(횡단보도 포함),일반 사각 쓰레기통,일반쓰레기
308,강남구,테헤란로 123,여삼빌딩,도로변(횡단보도 포함),일반 사각 쓰레기통,재활용쓰레기
309,강남구,테헤란로 121,원빌딩,도로변(횡단보도 포함),기타(텀블러형 등),일반쓰레기
310,강남구,테헤란로 121,원빌딩,도로변(횡단보도 포함),기타(텀블러형 등),재활용쓰레기
311,강남구,테헤란로 113,"목화밀라트, 대진도원참치 버스정류장 23284","정류소(버스,택시 등)",기타(텀블러형 등),일반쓰레기
312,강남구,테헤란로 113,"목화밀라트, 대진도원참치 버스정류장 23284","정류소(버스,택시 등)",기타(텀블러형 등),재활용쓰레기
313,강남구,강남역,강남역 12번출구,지하철역 입구,기타(텀블러형 등),일반쓰레기
314,강남구,강남역,강남역 12번출구,지하철역 입구,기타(텀블러형 등),재활용쓰레기
315,강남구,강남대로 624,신사빌딩 버스정류장 23109,"정류소(버스,택시 등)",기타(텀블러형 등),일반쓰레기
316,강남구,강남대로 624,신사빌딩 버스정류장 23109,"정류소(버스,택시 등)",기타(텀블러형 등),재활용쓰레기
317,강남구,신사역,신사역 6번출구,지하철역 입구,기타(텀블러형 등),일반쓰레기
318,강남구,신사역,신사역 6번출구,지하철역 입구,기타(텀블러형 등),재활용쓰레기
319,강남구,신사역,신사역 3번출구,지하철역 입구,기타(텀블러형 등),일반쓰레기
320,강남구,신사역,신사역 3번출구,지하철역 입구,기타(텀블러형 등),재활용쓰레기
321,강남구,강남대로 600,동신빌딩 버스정류장 23110,"정류소(버스,택시 등)",기타(텀블러형 등),일반쓰레기
322,강남구,강남대로 600,동신빌딩 버스정류장 23110,"정류소(버스,택시 등)",기타(텀블러형 등),재활용쓰레기
323,강남구,강남대로 574,전기공사공제조합,도로변(횡단보도 포함),기타(텀블러형 등),일반쓰레기
324,강남구,강남대로 574,전기공사공제조합,도로변(횡단보도 포함),기타(텀블러형 등),재활용쓰레기
325,강남구,강남대로 528,원맨원 B/D 버스정류장 23123,"정류소(버스,택시 등)",기타(텀블러형 등),일반쓰레기
326,강남구,강남대로 528,원맨원 B/D 버스정류장 23123,"정류소(버스,택시 등)",기타(텀블러형 등),재활용쓰레기
327,강남구,강남대로 506,강남에스엠여성의원,도로변(횡단보도 포함),기타(텀블러형 등),일반쓰레기
328,강남구,강남대로 506,강남에스엠여성의원,도로변(횡단보도 포함),기타(텀블러형 등),재활용쓰레기
329,강남구,강남대로 484,HK빌딩 버스정류장 23122,"정류소(버스,택시 등)",기타(텀블러형 등),일반쓰레기
330,강남구,강남대로 484,HK빌딩 버스정류장 23122,"정류소(버스,택시 등)",기타(텀블러형 등),재활용쓰레기
331,강남구,강남대로 476,온누리건강약국,도로변(횡단보도 포함),일반 사각 쓰레기통,일반쓰레기
332,강남구,강남대로 476,온누리건강약국,도로변(횡단보도 포함),일반 사각 쓰레기통,재활용쓰레기
333,강남구,강남대로 468,신논현역 5번출구,지하철역 입구,일반 사각 쓰레기통,일반쓰레기
334,강남구,강남대로 468,신논현역 5번출구,지하철역 입구,일반 사각 쓰레기통,재활용쓰레기
335,강남구,강남대로 450,한국자산관리공사 버스정류장 23286,"정류소(버스,택시 등)",일반 사각 쓰레기통,일반쓰레기
336,강남구,강남대로 450,한국자산관리공사 버스정류장 23286,"정류소(버스,택시 등)",일반 사각 쓰레기통,재활용쓰레기
337,강남구,강남대로 430,ABC마트,도로변(횡단보도 포함),일반 사각 쓰레기통,일반쓰레기
338,강남구,강남대로 430,ABC마트,도로변(횡단보도 포함),일반 사각 쓰레기통,재활용쓰레기
339,강남구,강남대로 416,씨티약국 버스정류장 23285,"정류소(버스,택시 등)",일반 사각 쓰레기통,일반쓰레기
340,강남구,강남대로 416,씨티약국 버스정류장 23285,"정류소(버스,택시 등)",일반 사각 쓰레기통,재활용쓰레기
341,강남구,강남대로 412,뉴발란스,도로변(횡단보도 포함),일반 사각 쓰레기통,일반쓰레기
342,강남구,강남대로 412,뉴발란스,도로변(횡단보도 포함),일반 사각 쓰레기통,재활용쓰레기
343,강남구,강남대로 408,YBM어학원,도로변(횡단보도 포함),일반 사각 쓰레기통,일반쓰레기
344,강남구,강남대로 408,YBM어학원,도로변(횡단보도 포함),일반 사각 쓰레기통,재활용쓰레기
345,강남구,압구정역,압구정역 4번출구,지하철역 입구,일반 사각 쓰레기통,일반쓰레기
346,강남구,압구정역,압구정역 4번출구,지하철역 입구,일반 사각 쓰레기통,재활용쓰레기
347,강남구,논현로 857,노블레스뷰결혼정보,도로변(횡단보도 포함),일반 사각 쓰레기통,일반쓰레기
348,강남구,논현로 857,노블레스뷰결혼정보,도로변(횡단보도 포함),일반 사각 쓰레기통,재활용쓰레기
349,강남구,논현로 837,팝성형외과 버스정류장 23106,"정류소(버스,택시 등)",일반 사각 쓰레기통,일반쓰레기
350,강남구,논현로 837,팝성형외과 버스정류장 23106,"정류소(버스,택시 등)",일반 사각 쓰레기통,재활용쓰레기
351,강남구,도산대로 173,하이마트,도로변(횡단보도 포함),일반 사각 쓰레기통,일반쓰레기
352,강남구,도산대로 173,하이마트,도로변(횡단보도 포함),일반 사각 쓰레기통,재활용쓰레기
353,강남구,논현로 743,희성빌딩 버스정류장 23113,"정류소(버스,택시 등)",일반 사각 쓰레기통,일반쓰레기
354,강남구,논현로 743,희성빌딩 버스정류장 23113,"정류소(버스,택시 등)",일반 사각 쓰레기통,재활용쓰레기
355,강남구,논현로 705,더조은병원 버스정류장 23114,"정류소(버스,택시 등)",일반 사각 쓰레기통,일반쓰레기
356,강남구,논현로 705,더조은병원 버스정류장 23114,"정류소(버스,택시 등)",일반 사각 쓰레기통,재활용쓰레기
357,강남구,학동역,학동로 7번출구,지하철역 입구,일반 사각 쓰레기통,일반쓰레기
358,강남구,학동역,학동로 7번출구,지하철역 입구,일반 사각 쓰레기통,재활용쓰레기
359,강남구,논현로 667,학동로 4번출구,지하철역 입구,기타(텀블러형 등),일반쓰레기
360,강남구,논현로 667,학동로 4번출구,지하철역 입구,기타(텀블러형 등),재활용쓰레기
361,강남구,논현로 605,LG U+ 버스정류장 23431,"정류소(버스,택시 등)",일반 사각 쓰레기통,일반쓰레기
362,강남구,논현로 605,LG U+ 버스정류장 23431,"정류소(버스,택시 등)",일반 사각 쓰레기통,재활용쓰레기
363,강남구,봉은사로 179,기업은행,도로변(횡단보도 포함),일반 사각 쓰레기통,일반쓰레기
364,강남구,봉은사로 179,기업은행,도로변(횡단보도 포함),일반 사각 쓰레기통,재활용쓰레기
365,강남구,논현로 569,차병원연구소,도로변(횡단보도 포함),일반 사각 쓰레기통,일반쓰레기
366,강남구,논현로 569,차병원연구소,도로변(횡단보도 포함),일반 사각 쓰레기통,재활용쓰레기
367,강남구,논현로 557,안덕빌딩 버스정류장 23268,"정류소(버스,택시 등)",일반 사각 쓰레기통,일반쓰레기
368,강남구,논현로 557,안덕빌딩 버스정류장 23268,"정류소(버스,택시 등)",일반 사각 쓰레기통,재활용쓰레기
369,강남구,논현로 545,딜리버리앤,도로변(횡단보도 포함),일반 사각 쓰레기통,일반쓰레기
370,강남구,논현로 545,딜리버리앤,도로변(횡단보도 포함),일반 사각 쓰레기통,재활용쓰레기
371,강남구,논현로 529,마린텍,도로변(횡단보도 포함),일반 사각 쓰레기통,일반쓰레기
372,강남구,논현로 529,마린텍,도로변(횡단보도 포함),일반 사각 쓰레기통,재활용쓰레기
373,강남구,논현로 507,수협은행 버스정류장 23282,"정류소(버스,택시 등)",일반 사각 쓰레기통,일반쓰레기
374,강남구,논현로 507,수협은행 버스정류장 23282,"정류소(버스,택시 등)",일반 사각 쓰레기통,재활용쓰레기
375,강남구,논현로 508,GS빌딩 버스정류장 23281,"정류소(버스,택시 등)",일반 사각 쓰레기통,일반쓰레기
376,강남구,논현로 508,GS빌딩 버스정류장 23281,"정류소(버스,택시 등)",일반 사각 쓰레기통,재활용쓰레기
377,강남구,논현로 528,이화정,도로변(횡단보도 포함),일반 사각 쓰레기통,일반쓰레기
378,강남구,논현로 528,이화정,도로변(횡단보도 포함),일반 사각 쓰레기통,재활용쓰레기
379,강남구,논현로 548,MUL호텔,도로변(횡단보도 포함),일반 사각 쓰레기통,일반쓰레기
380,강남구,논현로 548,MUL호텔,도로변(횡단보도 포함),일반 사각 쓰레기통,재활용쓰레기
381,강남구,논현로 608,언주역 3번출구,지하철역 입구,일반 사각 쓰레기통,일반쓰레기
382,강남구,논현로 608,언주역 3번출구,지하철역 입구,일반 사각 쓰레기통,재활용쓰레기
383,강남구,논현로 634,이자카야찬,도로변(횡단보도 포함),일반 사각 쓰레기통,일반쓰레기
384,강남구,논현로 634,이자카야찬,도로변(횡단보도 포함),일반 사각 쓰레기통,재활용쓰레기
385,강남구,논현로 648,스타벅스커피 버스정류장 23146,"정류소(버스,택시 등)",일반 사각 쓰레기통,일반쓰레기
386,강남구,논현로 648,스타벅스커피 버스정류장 23146,"정류소(버스,택시 등)",일반 사각 쓰레기통,재활용쓰레기
387,강남구,학동로 204,학동역 3번출구,지하철역 입구,일반 사각 쓰레기통,일반쓰레기
388,강남구,학동로 204,학동역 3번출구,지하철역 입구,일반 사각 쓰레기통,재활용쓰레기
389,강남구,논현로 706,아이케슬 버스정류장 23132,"정류소(버스,택시 등)",일반 사각 쓰레기통,일반쓰레기
390,강남구,논현로 706,아이케슬 버스정류장 23132,"정류소(버스,택시 등)",일반 사각 쓰레기통,재활용쓰레기
391,강남구,논현로 722,국제모피,도로변(횡단보도 포함),일반 사각 쓰레기통,일반쓰레기
392,강남구,논현로 722,국제모피,도로변(횡단보도 포함),일반 사각 쓰레기통,재활용쓰레기
393,강남구,논현로 822,로뎀빌딩,도로변(횡단보도 포함),일반 사각 쓰레기통,일반쓰레기
394,강남구,논현로 822,로뎀빌딩,도로변(횡단보도 포함),일반 사각 쓰레기통,재활용쓰레기
395,강남구,논현로 838,농협 버스정류장 23430,"정류소(버스,택시 등)",일반 사각 쓰레기통,일반쓰레기
396,강남구,논현로 838,농협 버스정류장 23430,"정류소(버스,택시 등)",일반 사각 쓰레기통,재활용쓰레기
397,강남구,논현로 854,압구정역 3번출구,지하철역 입구,일반 사각 쓰레기통,일반쓰레기
398,강남구,논현로 854,압구정역 3번출구,지하철역 입구,일반 사각 쓰레기통,재활용쓰레기
399,강남구,논현로 878,압구정역 2번출구,지하철역 입구,일반 사각 쓰레기통,일반쓰레기
400,강남구,논현로 878,압구정역 2번출구,지하철역 입구,일반 사각 쓰레기통,재활용쓰레기
401,강남구,압구정로 29길 57,현대아파트 203동 앞,도로변(횡단보도 포함),일반 사각 쓰레기통,일반쓰레기
402,강남구,압구정로 29길 57,현대아파트 203동 앞,도로변(횡단보도 포함),일반 사각 쓰레기통,재활용쓰레기
403,강남구,압구정로 201,현대아파트 79동 앞,도로변(횡단보도 포함),일반 사각 쓰레기통,일반쓰레기
404,강남구,압구정로 201,현대아파트 79동 앞,도로변(횡단보도 포함),일반 사각 쓰레기통,재활용쓰레기
405,강남구,압구정로 29길 23,현대아파트 211동 앞,도로변(횡단보도 포함),일반 사각 쓰레기통,일반쓰레기
406,강남구,압구정로 29길 23,현대아파트 211동 앞,도로변(횡단보도 포함),일반 사각 쓰레기통,재활용쓰레기
407,강남구,압구정로 201,현대아파트 71동 앞,도로변(횡단보도 포함),일반 사각 쓰레기통,일반쓰레기
408,강남구,압구정로 201,현대아파트 71동 앞,도로변(횡단보도 포함),일반 사각 쓰레기통,재활용쓰레기
409,강남구,압구정로 225,압구정중고 버스정류장 23154,"정류소(버스,택시 등)",일반 사각 쓰레기통,일반쓰레기
410,강남구,압구정로 225,압구정중고 버스정류장 23154,"정류소(버스,택시 등)",일반 사각 쓰레기통,재활용쓰레기
411,강남구,압구정로 230,라움,도로변(횡단보도 포함),기타(텀블러형 등),일반쓰레기
412,강남구,압구정로 230,라움,도로변(횡단보도 포함),기타(텀블러형 등),재활용쓰레기
413,강남구,언주로 865,글로벌뱅앤올룹슨,도로변(횡단보도 포함),기타(텀블러형 등),일반쓰레기
414,강남구,언주로 865,글로벌뱅앤올룹슨,도로변(횡단보도 포함),기타(텀블러형 등),재활용쓰레기
415,강남구,도산대로 240,남양유업 본사,도로변(횡단보도 포함),일반 사각 쓰레기통,일반쓰레기
416,강남구,도산대로 240,남양유업 본사,도로변(횡단보도 포함),일반 사각 쓰레기통,재활용쓰레기
417,강남구,언주로 721,서울세관,도로변(횡단보도 포함),기타(텀블러형 등),일반쓰레기
418,강남구,언주로 721,서울세관,도로변(횡단보도 포함),기타(텀블러형 등),재활용쓰레기
419,강남구,언주로 709,신한은행 버스정류장 23131,"정류소(버스,택시 등)",기타(텀블러형 등),일반쓰레기
420,강남구,언주로 709,신한은행 버스정류장 23131,"정류소(버스,택시 등)",기타(텀블러형 등),재활용쓰레기
421,강남구,학동로 235,올리브영,도로변(횡단보도 포함),일반 사각 쓰레기통,일반쓰레기
422,강남구,학동로 235,올리브영,도로변(횡단보도 포함),일반 사각 쓰레기통,재활용쓰레기
423,강남구,언주로 641,포스코주택전시관 버스정류장 23141,"정류소(버스,택시 등)",기타(텀블러형 등),일반쓰레기
424,강남구,언주로 641,포스코주택전시관 버스정류장 23141,"정류소(버스,택시 등)",기타(텀블러형 등),재활용쓰레기
425,강남구,언주로 631,강남지인병원,도로변(횡단보도 포함),기타(텀블러형 등),일반쓰레기
426,강남구,언주로 631,강남지인병원,도로변(횡단보도 포함),기타(텀블러형 등),재활용쓰레기
427,강남구,언주로 617,메르세데스벤츠 버스정류장 23142,"정류소(버스,택시 등)",기타(텀블러형 등),일반쓰레기
428,강남구,언주로 617,메르세데스벤츠 버스정류장 23142,"정류소(버스,택시 등)",기타(텀블러형 등),재활용쓰레기
429,강남구,언주로 563,강남어린이회관 버스정류장 23271,"정류소(버스,택시 등)",기타(텀블러형 등),일반쓰레기
430,강남구,언주로 563,강남어린이회관 버스정류장 23271,"정류소(버스,택시 등)",기타(텀블러형 등),재활용쓰레기
431,강남구,언주로 551,르노삼성자동차,도로변(횡단보도 포함),기타(텀블러형 등),일반쓰레기
432,강남구,언주로 551,르노삼성자동차,도로변(횡단보도 포함),기타(텀블러형 등),재활용쓰레기
433,강남구,언주로 517,영동전화국 버스정류장 23279,"정류소(버스,택시 등)",일반 사각 쓰레기통,일반쓰레기
434,강남구,언주로 517,영동전화국 버스정류장 23279,"정류소(버스,택시 등)",일반 사각 쓰레기통,재활용쓰레기
435,강남구,테헤란로 301,역삼지하보도,도로변(횡단보도 포함),일반 사각 쓰레기통,일반쓰레기
436,강남구,테헤란로 301,역삼지하보도,도로변(횡단보도 포함),일반 사각 쓰레기통,재활용쓰레기
437,강남구,언주로 516,서울 전통 육개장 버스정류장 23278,"정류소(버스,택시 등)",일반 사각 쓰레기통,일반쓰레기
438,강남구,언주로 516,서울 전통 육개장 버스정류장 23278,"정류소(버스,택시 등)",일반 사각 쓰레기통,재활용쓰레기
439,강남구,언주로 616,LGU+ 버스정류장 23139,"정류소(버스,택시 등)",기타(텀블러형 등),일반쓰레기
440,강남구,언주로 616,LGU+ 버스정류장 23139,"정류소(버스,택시 등)",기타(텀블러형 등),재활용쓰레기
441,강남구,언주로 640,임페리얼 팔레스 버스정류장 23140,"정류소(버스,택시 등)",기타(텀블러형 등),일반쓰레기
442,강남구,언주로 640,임페리얼 팔레스 버스정류장 23140,"정류소(버스,택시 등)",기타(텀블러형 등),재활용쓰레기
443,강남구,언주로 712,강남행복한의원 버스정류장 23130,"정류소(버스,택시 등)",일반 사각 쓰레기통,일반쓰레기
444,강남구,언주로 712,강남행복한의원 버스정류장 23130,"정류소(버스,택시 등)",일반 사각 쓰레기통,재활용쓰레기
445,강남구,언주로 726,두산타워,도로변(횡단보도 포함),기타(텀블러형 등),일반쓰레기
446,강남구,언주로 726,두산타워,도로변(횡단보도 포함),기타(텀블러형 등),재활용쓰레기
447,강남구,언주로 812,아크로갤러리 버스정류장 23162,"정류소(버스,택시 등)",기타(텀블러형 등),일반쓰레기
448,강남구,언주로 812,아크로갤러리 버스정류장 23162,"정류소(버스,택시 등)",기타(텀블러형 등),재활용쓰레기
449,강남구,언주로 844,윤당 아트홀 버스정류장 23163,"정류소(버스,택시 등)",기타(텀블러형 등),일반쓰레기
450,강남구,언주로 844,윤당 아트홀 버스정류장 23163,"정류소(버스,택시 등)",기타(텀블러형 등),재활용쓰레기
451,강남구,압구정로 309,현대아파트 92동앞 버스정류장 23164,"정류소(버스,택시 등)",일반 사각 쓰레기통,일반쓰레기
452,강남구,압구정로 309,현대아파트 92동앞 버스정류장 23164,"정류소(버스,택시 등)",일반 사각 쓰레기통,재활용쓰레기
453,강남구,선릉로 819,올리브영 압구정로데오역점 버스정류장 23160,"정류소(버스,택시 등)",일반 사각 쓰레기통,일반쓰레기
454,강남구,선릉로 819,올리브영 압구정로데오역점 버스정류장 23160,"정류소(버스,택시 등)",일반 사각 쓰레기통,재활용쓰레기
455,강남구,선릉로 635,LGU+ 버스정류장 23136,"정류소(버스,택시 등)",일반 사각 쓰레기통,일반쓰레기
456,강남구,선릉로 635,LGU+ 버스정류장 23136,"정류소(버스,택시 등)",일반 사각 쓰레기통,재활용쓰레기
457,강남구,선릉로 571,KS병원 버스정류장 23275,"정류소(버스,택시 등)",일반 사각 쓰레기통,일반쓰레기
458,강남구,선릉로 571,KS병원 버스정류장 23275,"정류소(버스,택시 등)",일반 사각 쓰레기통,재활용쓰레기
459,강남구,선릉역,선릉역 7번출구,지하철역 입구,일반 사각 쓰레기통,일반쓰레기
460,강남구,선릉역,선릉역 7번출구,지하철역 입구,일반 사각 쓰레기통,재활용쓰레기
461,강남구,선릉역,선릉역 8번출구,지하철역 입구,일반 사각 쓰레기통,일반쓰레기
462,강남구,선릉역,선릉역 8번출구,지하철역 입구,일반 사각 쓰레기통,재활용쓰레기
463,강남구,선릉로 524,아크로텔 버스정류장 23214,"정류소(버스,택시 등)",일반 사각 쓰레기통,일반쓰레기
464,강남구,선릉로 524,아크로텔 버스정류장 23214,"정류소(버스,택시 등)",일반 사각 쓰레기통,재활용쓰레기
465,강남구,선릉로 100길 1,선릉공원,도로변(횡단보도 포함),일반 사각 쓰레기통,일반쓰레기
466,강남구,선릉로 100길 1,선릉공원,도로변(횡단보도 포함),일반 사각 쓰레기통,재활용쓰레기
467,강남구,선릉로 630,건우한의원,지하철역 입구,일반 사각 쓰레기통,일반쓰레기
468,강남구,선릉로 630,건우한의원,지하철역 입구,일반 사각 쓰레기통,재활용쓰레기
469,강남구,선릉로 646,지포어기어스코리아,도로변(횡단보도 포함),일반 사각 쓰레기통,일반쓰레기
470,강남구,선릉로 646,지포어기어스코리아,도로변(횡단보도 포함),일반 사각 쓰레기통,재활용쓰레기
471,강남구,선릉로 716,김숙진우리옷 버스정류장 23178,"정류소(버스,택시 등)",일반 사각 쓰레기통,일반쓰레기
472,강남구,선릉로 716,김숙진우리옷 버스정류장 23178,"정류소(버스,택시 등)",일반 사각 쓰레기통,재활용쓰레기
473,강남구,선릉로 748,중앙일보 버스정류장 23432,"정류소(버스,택시 등)",일반 사각 쓰레기통,일반쓰레기
474,강남구,선릉로 748,중앙일보 버스정류장 23432,"정류소(버스,택시 등)",일반 사각 쓰레기통,재활용쓰레기
475,강남구,선릉로 812,버거킹 버스정류장 23181,"정류소(버스,택시 등)",일반 사각 쓰레기통,일반쓰레기
476,강남구,선릉로 812,버거킹 버스정류장 23181,"정류소(버스,택시 등)",일반 사각 쓰레기통,재활용쓰레기
477,강남구,선릉로 828,황정아웨딩앤드레스부티크,도로변(횡단보도 포함),일반 사각 쓰레기통,일반쓰레기
478,강남구,선릉로 828,황정아웨딩앤드레스부티크,도로변(횡단보도 포함),일반 사각 쓰레기통,재활용쓰레기
479,강남구,삼성로 771,담미온 버스정류장 23183,"정류소(버스,택시 등)",일반 사각 쓰레기통,일반쓰레기
480,강남구,삼성로 771,담미온 버스정류장 23183,"정류소(버스,택시 등)",일반 사각 쓰레기통,재활용쓰레기
481,강남구,삼성로 755,청기와 아트갤러리,도로변(횡단보도 포함),일반 사각 쓰레기통,일반쓰레기
482,강남구,삼성로 755,청기와 아트갤러리,도로변(횡단보도 포함),일반 사각 쓰레기통,재활용쓰레기
483,강남구,삼성로 737,소노시즌,도로변(횡단보도 포함),일반 사각 쓰레기통,일반쓰레기
484,강남구,삼성로 737,소노시즌,도로변(횡단보도 포함),일반 사각 쓰레기통,재활용쓰레기
485,강남구,삼성로 725,박준뷰티랩 버스정류장 23184,"정류소(버스,택시 등)",일반 사각 쓰레기통,일반쓰레기
486,강남구,삼성로 725,박준뷰티랩 버스정류장 23184,"정류소(버스,택시 등)",일반 사각 쓰레기통,재활용쓰레기
487,강남구,청담역,청담역 8번출구,지하철역 입구,일반 사각 쓰레기통,일반쓰레기
488,강남구,청담역,청담역 8번출구,지하철역 입구,일반 사각 쓰레기통,재활용쓰레기
489,강남구,학동로 446,래미안라클래시아파트 103동 앞 버스정류장 23207,"정류소(버스,택시 등)",일반 사각 쓰레기통,일반쓰레기
490,강남구,학동로 446,래미안라클래시아파트 103동 앞 버스정류장 23207,"정류소(버스,택시 등)",일반 사각 쓰레기통,재활용쓰레기
491,강남구,삼성로 633,노브랜드,도로변(횡단보도 포함),일반 사각 쓰레기통,일반쓰레기
492,강남구,삼성로 633,노브랜드,도로변(횡단보도 포함),일반 사각 쓰레기통,재활용쓰레기
493,강남구,삼성로 629,센트럴 아이파크 304동 앞 버스정류장 23208,"정류소(버스,택시 등)",일반 사각 쓰레기통,일반쓰레기
494,강남구,삼성로 629,센트럴 아이파크 304동 앞 버스정류장 23208,"정류소(버스,택시 등)",일반 사각 쓰레기통,재활용쓰레기
495,강남구,삼성로 547,BK타워,도로변(횡단보도 포함),일반 사각 쓰레기통,일반쓰레기
496,강남구,삼성로 547,BK타워,도로변(횡단보도 포함),일반 사각 쓰레기통,재활용쓰레기
497,강남구,삼성로 521,루시아갤러리 버스정류장 23960,"정류소(버스,택시 등)",기타(텀블러형 등),일반쓰레기
498,강남구,삼성로 521,루시아갤러리 버스정류장 23960,"정류소(버스,택시 등)",기타(텀블러형 등),재활용쓰레기
499,강남구,삼성로 520,리칭,도로변(횡단보도 포함),기타(텀블러형 등),일반쓰레기
500,강남구,삼성로 520,리칭,도로변(횡단보도 포함),기타(텀블러형 등),재활용쓰레기
501,강남구,삼성로 546,이여곰탕 버스정류장 23203,"정류소(버스,택시 등)",일반 사각 쓰레기통,일반쓰레기
502,강남구,삼성로 546,이여곰탕 버스정류장 23203,"정류소(버스,택시 등)",일반 사각 쓰레기통,재활용쓰레기
503,강남구,삼성로 628,강남구도시관리공단 버스정류장 23204,"정류소(버스,택시 등)",일반 사각 쓰레기통,일반쓰레기
504,강남구,삼성로 628,강남구도시관리공단 버스정류장 23204,"정류소(버스,택시 등)",일반 사각 쓰레기통,재활용쓰레기
505,강남구,청담역,청담역 6번출구,지하철역 입구,일반 사각 쓰레기통,일반쓰레기
506,강남구,청담역,청담역 6번출구,지하철역 입구,일반 사각 쓰레기통,재활용쓰레기
507,강남구,청담역,청담역 9번출구,지하철역 입구,일반 사각 쓰레기통,일반쓰레기
508,강남구,청담역,청담역 9번출구,지하철역 입구,일반 사각 쓰레기통,재활용쓰레기
509,강남구,삼성로 728,아베뉴주노 버스정류장 23174,"정류소(버스,택시 등)",일반 사각 쓰레기통,일반쓰레기
510,강남구,삼성로 728,아베뉴주노 버스정류장 23174,"정류소(버스,택시 등)",일반 사각 쓰레기통,재활용쓰레기
511,강남구,삼성로 758,산돈까스,도로변(횡단보도 포함),일반 사각 쓰레기통,일반쓰레기
512,강남구,삼성로 758,산돈까스,도로변(횡단보도 포함),일반 사각 쓰레기통,재활용쓰레기
513,강남구,삼성로 762,유림빌딩 버스정류장 23175,"정류소(버스,택시 등)",일반 사각 쓰레기통,일반쓰레기
514,강남구,삼성로 762,유림빌딩 버스정류장 23175,"정류소(버스,택시 등)",일반 사각 쓰레기통,재활용쓰레기
515,강남구,영동대로 735,골프존타워 서울본관,도로변(횡단보도 포함),일반 사각 쓰레기통,일반쓰레기
516,강남구,영동대로 735,골프존타워 서울본관,도로변(횡단보도 포함),일반 사각 쓰레기통,재활용쓰레기
517,강남구,청담1동,중앙분리대,도로변(횡단보도 포함),일반 사각 쓰레기통,일반쓰레기
518,강남구,청담1동,중앙분리대,도로변(횡단보도 포함),일반 사각 쓰레기통,재활용쓰레기
519,강남구,영동대로 721,리버뷰오피스텔 버스정류장 23169,"정류소(버스,택시 등)",일반 사각 쓰레기통,일반쓰레기
520,강남구,영동대로 721,리버뷰오피스텔 버스정류장 23169,"정류소(버스,택시 등)",일반 사각 쓰레기통,재활용쓰레기
521,강남구,청담1동,리버뷰오피스텔 앞 중앙분리대,도로변(횡단보도 포함),일반 사각 쓰레기통,일반쓰레기
522,강남구,청담1동,리버뷰오피스텔 앞 중앙분리대,도로변(횡단보도 포함),일반 사각 쓰레기통,재활용쓰레기
523,강남구,영동대로 707,대신증권 ,"정류소(버스,택시 등)",일반 사각 쓰레기통,일반쓰레기
524,강남구,영동대로 707,대신증권,"정류소(버스,택시 등)",일반 사각 쓰레기통,재활용쓰레기
525,강남구,청담역,청담역 13번출구,지하철역 입구,일반 사각 쓰레기통,일반쓰레기
526,강남구,청담역,청담역 13번출구,지하철역 입구,일반 사각 쓰레기통,재활용쓰레기
527,강남구,청담 1동,혼다 강남점 앞 중앙분리대,도로변(횡단보도 포함),일반 사각 쓰레기통,일반쓰레기
528,강남구,청담 1동,혼다 강남점 앞 중앙분리대,도로변(횡단보도 포함),일반 사각 쓰레기통,재활용쓰레기
529,강남구,청담역,청담역 2번출구,지하철역 입구,일반 사각 쓰레기통,일반쓰레기
530,강남구,청담역,청담역 2번출구,지하철역 입구,일반 사각 쓰레기통,재활용쓰레기
531,강남구,삼성1동,청담역 2번출구 앞 중앙분리대,도로변(횡단보도 포함),일반 사각 쓰레기통,일반쓰레기
532,강남구,삼성1동,청담역 2번출구 앞 중앙분리대,도로변(횡단보도 포함),일반 사각 쓰레기통,재활용쓰레기
533,강남구,영동대로 615,동남철물 버스정류장 23189,"정류소(버스,택시 등)",일반 사각 쓰레기통,일반쓰레기
534,강남구,영동대로 615,동남철물 버스정류장 23189,"정류소(버스,택시 등)",일반 사각 쓰레기통,재활용쓰레기
535,강남구,영동대로 602,봉은사역 3번출구,도로변(횡단보도 포함),일반 사각 쓰레기통,일반쓰레기
536,강남구,영동대로 602,봉은사역 3번출구,도로변(횡단보도 포함),일반 사각 쓰레기통,재활용쓰레기
537,강남구,영동대로 517,봉은사역 엘리베이터,도로변(횡단보도 포함),일반 사각 쓰레기통,일반쓰레기
538,강남구,영동대로 517,봉은사역 엘리베이터,도로변(횡단보도 포함),일반 사각 쓰레기통,재활용쓰레기
539,강남구,봉은사로 524,무역센터 공항버스정류장 23818,"정류소(버스,택시 등)",기타(텀블러형 등),일반쓰레기
540,강남구,봉은사로 524,무역센터 공항버스정류장 23818,"정류소(버스,택시 등)",기타(텀블러형 등),재활용쓰레기
541,강남구,봉은사로 524,무역센터 버스정류장 23198,"정류소(버스,택시 등)",기타(텀블러형 등),일반쓰레기
542,강남구,봉은사로 524,무역센터 버스정류장 23198,"정류소(버스,택시 등)",기타(텀블러형 등),재활용쓰레기
543,강남구,봉은사로 524,무역센터,도로변(횡단보도 포함),기타(텀블러형 등),일반쓰레기
544,강남구,봉은사로 524,무역센터,도로변(횡단보도 포함),기타(텀블러형 등),재활용쓰레기
545,강남구,영동대로 512,봉은사역 6번출구,도로변(횡단보도 포함),일반 사각 쓰레기통,일반쓰레기
546,강남구,영동대로 512,봉은사역 6번출구,도로변(횡단보도 포함),일반 사각 쓰레기통,재활용쓰레기
547,강남구,봉은사로 524,인터콘티넨탈호텔(영동대로) 버스정류장 23905,"정류소(버스,택시 등)",기타(텀블러형 등),일반쓰레기
548,강남구,봉은사로 524,인터콘티넨탈호텔(영동대로) 버스정류장 23905,"정류소(버스,택시 등)",기타(텀블러형 등),재활용쓰레기
549,강남구,삼성역,삼성역 6번출구,지하철역 입구,기타(텀블러형 등),일반쓰레기
550,강남구,삼성역,삼성역 6번출구,지하철역 입구,기타(텀블러형 등),재활용쓰레기
551,강남구,삼성역,삼성역 7번출구,지하철역 입구,일반 사각 쓰레기통,일반쓰레기
552,강남구,삼성역,삼성역 7번출구,지하철역 입구,일반 사각 쓰레기통,재활용쓰레기
553,강남구,영동대로 508,한국산업은행 버스정류장 23906,"정류소(버스,택시 등)",일반 사각 쓰레기통,일반쓰레기
554,강남구,영동대로 508,한국산업은행 버스정류장 23906,"정류소(버스,택시 등)",일반 사각 쓰레기통,재활용쓰레기
555,강남구,영동대로 512,한전앞,도로변(횡단보도 포함),일반 사각 쓰레기통,일반쓰레기
556,강남구,영동대로 512,한전앞,도로변(횡단보도 포함),일반 사각 쓰레기통,재활용쓰레기
557,강남구,영동대로 618,호텔인나인 버스정류장 23192,"정류소(버스,택시 등)",일반 사각 쓰레기통,일반쓰레기
558,강남구,영동대로 618,호텔인나인 버스정류장 23192,"정류소(버스,택시 등)",일반 사각 쓰레기통,재활용쓰레기
559,강남구,영동대로 644,원일빌딩 버스정류장 23188,"정류소(버스,택시 등)",일반 사각 쓰레기통,일반쓰레기
560,강남구,영동대로 644,원일빌딩 버스정류장 23188,"정류소(버스,택시 등)",일반 사각 쓰레기통,재활용쓰레기
561,강남구,청담역,청담역 1번출구,지하철역 입구,일반 사각 쓰레기통,일반쓰레기
562,강남구,청담역,청담역 1번출구,지하철역 입구,일반 사각 쓰레기통,재활용쓰레기
563,강남구,청담역,청담역 14번출구,지하철역 입구,일반 사각 쓰레기통,일반쓰레기
564,강남구,청담역,청담역 14번출구,지하철역 입구,일반 사각 쓰레기통,재활용쓰레기
565,강남구,영동대로 708,이안빌딩 국민은행 365 자동화지점 버스정류장 23171,"정류소(버스,택시 등)",일반 사각 쓰레기통,일반쓰레기
566,강남구,영동대로 708,이안빌딩 국민은행 365 자동화지점 버스정류장 23171,"정류소(버스,택시 등)",일반 사각 쓰레기통,재활용쓰레기
567,강남구,영동대로 720,스타벅스커피,도로변(횡단보도 포함),일반 사각 쓰레기통,일반쓰레기
568,강남구,영동대로 720,스타벅스커피,도로변(횡단보도 포함),일반 사각 쓰레기통,재활용쓰레기
569,강남구,영동대로 726,제일정형외과 버스정류장 23168,"정류소(버스,택시 등)",일반 사각 쓰레기통,일반쓰레기
570,강남구,영동대로 726,제일정형외과 버스정류장 23168,"정류소(버스,택시 등)",일반 사각 쓰레기통,재활용쓰레기
571,강남구,봉은사로 516,미켈란 107,도로변(횡단보도 포함),일반 사각 쓰레기통,일반쓰레기
572,강남구,봉은사로 516,미켈란 107,도로변(횡단보도 포함),일반 사각 쓰레기통,재활용쓰레기
573,강남구,테헤란로 87길 30,명인등심,도로변(횡단보도 포함),기타(텀블러형 등),일반쓰레기
574,강남구,테헤란로 87길 30,명인등심,도로변(횡단보도 포함),기타(텀블러형 등),재활용쓰레기
575,강남구,테헤란로 87길 39,심스빌딩,도로변(횡단보도 포함),기타(텀블러형 등),일반쓰레기
576,강남구,테헤란로 87길 39,심스빌딩,도로변(횡단보도 포함),기타(텀블러형 등),재활용쓰레기
577,강남구,봉은사로 524,세븐럭카지노,도로변(횡단보도 포함),일반 사각 쓰레기통,일반쓰레기
578,강남구,봉은사로 524,세븐럭카지노,도로변(횡단보도 포함),일반 사각 쓰레기통,재활용쓰레기
579,강남구,봉은사로 114길 20,서울의료원 버스정류장 23195,"정류소(버스,택시 등)",일반 사각 쓰레기통,일반쓰레기
580,강남구,봉은사로 114길 20,서울의료원 버스정류장 23195,"정류소(버스,택시 등)",일반 사각 쓰레기통,재활용쓰레기
581,강남구,봉은사로 114길 32,서울의료원,도로변(횡단보도 포함),기타(텀블러형 등),일반쓰레기
582,강남구,봉은사로 114길 32,서울의료원,도로변(횡단보도 포함),기타(텀블러형 등),재활용쓰레기
583,강남구,테헤란로 113길 12,현대오트론,도로변(횡단보도 포함),일반 사각 쓰레기통,일반쓰레기
584,강남구,테헤란로 113길 12,현대오트론,도로변(횡단보도 포함),일반 사각 쓰레기통,재활용쓰레기
585,강남구,강남대로240,"양재역3,4번출구사이",도로변(횡단보도 포함),일반 사각 쓰레기통,일반쓰레기
586,강남구,강남대로240,"양재역3,4번출구사이",도로변(횡단보도 포함),일반 사각 쓰레기통,재활용쓰레기
587,강남구,강남대로262,양재캠코빌딩주차장입구,도로변(횡단보도 포함),일반 사각 쓰레기통,일반쓰레기
588,강남구,강남대로262,양재캠코빌딩주차장입구,도로변(횡단보도 포함),일반 사각 쓰레기통,재활용쓰레기
589,강남구,강남대로318,타워837빌딩앞,도로변(횡단보도 포함),일반 사각 쓰레기통,일반쓰레기
590,강남구,강남대로318,타워837빌딩앞,도로변(횡단보도 포함),일반 사각 쓰레기통,재활용쓰레기
591,강남구,강남대로328,강남쉐르빌 버스정류장(23-295),"정류소(버스,택시 등)",일반 사각 쓰레기통,일반쓰레기
592,강남구,강남대로328,강남쉐르빌 버스정류장(23-295),"정류소(버스,택시 등)",일반 사각 쓰레기통,재활용쓰레기
593,강남구,강남대로362,강남대륭빌딩앞,도로변(횡단보도 포함),일반 사각 쓰레기통,일반쓰레기
594,강남구,강남대로362,강남대륭빌딩앞,도로변(횡단보도 포함),일반 사각 쓰레기통,재활용쓰레기
595,강남구,강남대로382,강남역2번출구앞,지하철역 입구,일반 사각 쓰레기통,일반쓰레기
596,강남구,강남대로382,강남역2번출구앞,지하철역 입구,일반 사각 쓰레기통,재활용쓰레기
597,강남구,테헤란로108,강남역1번출구앞,지하철역 입구,일반 사각 쓰레기통,일반쓰레기
598,강남구,테헤란로108,강남역1번출구앞,지하철역 입구,일반 사각 쓰레기통,재활용쓰레기
599,강남구,테헤란로110,캠브리지빌딩앞버스정류장(23-287),"정류소(버스,택시 등)",일반 사각 쓰레기통,일반쓰레기
600,강남구,테헤란로110,캠브리지빌딩앞버스정류장(23-287),"정류소(버스,택시 등)",일반 사각 쓰레기통,재활용쓰레기
601,강남구,테헤란로124,삼원타워 앞,도로변(횡단보도 포함),일반 사각 쓰레기통,일반쓰레기
602,강남구,테헤란로124,삼원타워 앞,도로변(횡단보도 포함),일반 사각 쓰레기통,재활용쓰레기
603,강남구,테헤란로132,한독약품빌딩앞버스정류장(23-288),"정류소(버스,택시 등)",일반 사각 쓰레기통,일반쓰레기
604,강남구,테헤란로132,한독약품빌딩앞버스정류장(23-288),"정류소(버스,택시 등)",일반 사각 쓰레기통,재활용쓰레기
605,강남구,테헤란로142,역삼역3번출구앞,지하철역 입구,일반 사각 쓰레기통,일반쓰레기
606,강남구,테헤란로142,역삼역3번출구앞,지하철역 입구,일반 사각 쓰레기통,재활용쓰레기
607,강남구,테헤란로208,클래시스빌딩앞버스정류장(23-305),"정류소(버스,택시 등)",일반 사각 쓰레기통,일반쓰레기
608,강남구,테헤란로208,클래시스빌딩앞버스정류장(23-305),"정류소(버스,택시 등)",일반 사각 쓰레기통,재활용쓰레기
609,강남구,테헤란로306,카이트빌딩앞버스정류장(23-306),"정류소(버스,택시 등)",일반 사각 쓰레기통,일반쓰레기
610,강남구,테헤란로306,카이트빌딩앞버스정류장(23-306),"정류소(버스,택시 등)",일반 사각 쓰레기통,재활용쓰레기
611,강남구,테헤란로332,선릉역4번출구,지하철역 입구,일반 사각 쓰레기통,일반쓰레기
612,강남구,테헤란로332,선릉역4번출구,지하철역 입구,일반 사각 쓰레기통,재활용쓰레기
613,강남구,테헤란로406,선릉역1번출구버스정류장(23-259),"정류소(버스,택시 등)",일반 사각 쓰레기통,일반쓰레기
614,강남구,테헤란로406,선릉역1번출구버스정류장(23-259),"정류소(버스,택시 등)",일반 사각 쓰레기통,재활용쓰레기
615,강남구,테헤란로414,L&B타워앞,도로변(횡단보도 포함),일반 사각 쓰레기통,일반쓰레기
616,강남구,테헤란로414,L&B타워앞,도로변(횡단보도 포함),일반 사각 쓰레기통,재활용쓰레기
617,강남구,테헤란로428,대우디오빌 앞,도로변(횡단보도 포함),일반 사각 쓰레기통,일반쓰레기
618,강남구,테헤란로428,대우디오빌 앞,도로변(횡단보도 포함),일반 사각 쓰레기통,재활용쓰레기
619,강남구,테헤란로432,DB빌딩앞버스정류장(23-260),"정류소(버스,택시 등)",일반 사각 쓰레기통,일반쓰레기
620,강남구,테헤란로432,DB빌딩앞버스정류장(23-260),"정류소(버스,택시 등)",일반 사각 쓰레기통,재활용쓰레기
621,강남구,테헤란로440,포스코빌딩,도로변(횡단보도 포함),일반 사각 쓰레기통,일반쓰레기
622,강남구,테헤란로440,포스코빌딩,도로변(횡단보도 포함),일반 사각 쓰레기통,재활용쓰레기
623,강남구,테헤란로440,포스코빌딩,도로변(횡단보도 포함),기타(텀블러형 등),일반쓰레기
624,강남구,테헤란로440,포스코빌딩,도로변(횡단보도 포함),기타(텀블러형 등),재활용쓰레기
625,강남구,테헤란로508,해성2빌딩앞버스정류장(23-523),"정류소(버스,택시 등)",일반 사각 쓰레기통,일반쓰레기
626,강남구,테헤란로508,해성2빌딩앞버스정류장(23-523),"정류소(버스,택시 등)",일반 사각 쓰레기통,재활용쓰레기
627,강남구,테헤란로510,루첸타워,도로변(횡단보도 포함),기타(텀블러형 등),일반쓰레기
628,강남구,테헤란로510,루첸타워,도로변(횡단보도 포함),기타(텀블러형 등),재활용쓰레기
629,강남구,테헤란로516,정헌빌딩앞,도로변(횡단보도 포함),일반 사각 쓰레기통,일반쓰레기
630,강남구,테헤란로516,정헌빌딩앞,도로변(횡단보도 포함),일반 사각 쓰레기통,재활용쓰레기
631,강남구,테헤란로524,삼성대세빌딩앞버스정류장(23-251),"정류소(버스,택시 등)",일반 사각 쓰레기통,일반쓰레기
632,강남구,테헤란로524,삼성대세빌딩앞버스정류장(23-251),"정류소(버스,택시 등)",일반 사각 쓰레기통,재활용쓰레기
633,강남구,테헤란로610,삼성역1번출구앞,도로변(횡단보도 포함),일반 사각 쓰레기통,일반쓰레기
634,강남구,테헤란로610,삼성역1번출구앞,도로변(횡단보도 포함),일반 사각 쓰레기통,재활용쓰레기
635,강남구,테헤란로626,메디톡스빌딩,도로변(횡단보도 포함),일반 사각 쓰레기통,일반쓰레기
636,강남구,테헤란로626,메디톡스빌딩,도로변(횡단보도 포함),일반 사각 쓰레기통,재활용쓰레기
637,강남구,테헤란로114길11,강남경찰서앞버스정류장(23-243),"정류소(버스,택시 등)",일반 사각 쓰레기통,일반쓰레기
638,강남구,테헤란로114길11,강남경찰서앞버스정류장(23-243),"정류소(버스,택시 등)",일반 사각 쓰레기통,재활용쓰레기
639,강남구,역삼로315,SK뷰아파트상가버스정류장(23-598),"정류소(버스,택시 등)",일반 사각 쓰레기통,일반쓰레기
640,강남구,역삼로315,SK뷰아파트상가버스정류장(23-598),"정류소(버스,택시 등)",일반 사각 쓰레기통,재활용쓰레기
641,강남구,역삼로541,"휘문중,고교앞버스정류장(23-249)","정류소(버스,택시 등)",일반 사각 쓰레기통,일반쓰레기
642,강남구,역삼로541,"휘문중,고교앞버스정류장(23-249)","정류소(버스,택시 등)",일반 사각 쓰레기통,재활용쓰레기
643,강남구,역삼로538,매머드커피숍앞버스정류장(23-248),"정류소(버스,택시 등)",일반 사각 쓰레기통,일반쓰레기
644,강남구,역삼로538,매머드커피숍앞버스정류장(23-248),"정류소(버스,택시 등)",일반 사각 쓰레기통,재활용쓰레기
645,강남구,역삼로,창진빌딩앞(삼성로352),도로변(횡단보도 포함),일반 사각 쓰레기통,일반쓰레기
646,강남구,역삼로,창진빌딩앞(삼성로352),도로변(횡단보도 포함),일반 사각 쓰레기통,재활용쓰레기
647,강남구,도곡로531,대치빌딩앞,도로변(횡단보도 포함),일반 사각 쓰레기통,일반쓰레기
648,강남구,도곡로531,대치빌딩앞,도로변(횡단보도 포함),일반 사각 쓰레기통,재활용쓰레기
649,강남구,도곡로449,줌바댄스학원앞,도로변(횡단보도 포함),일반 사각 쓰레기통,일반쓰레기
650,강남구,도곡로449,줌바댄스학원앞,도로변(횡단보도 포함),일반 사각 쓰레기통,재활용쓰레기
651,강남구,도곡로421,공영주차장입구,도로변(횡단보도 포함),일반 사각 쓰레기통,일반쓰레기
652,강남구,도곡로421,공영주차장입구,도로변(횡단보도 포함),일반 사각 쓰레기통,재활용쓰레기
653,강남구,도곡로407,까사미야매장앞,도로변(횡단보도 포함),일반 사각 쓰레기통,일반쓰레기
654,강남구,도곡로407,까사미야매장앞,도로변(횡단보도 포함),일반 사각 쓰레기통,재활용쓰레기
655,강남구,도곡로418,강원빌딩앞,도로변(횡단보도 포함),일반 사각 쓰레기통,일반쓰레기
656,강남구,도곡로418,강원빌딩앞,도로변(횡단보도 포함),일반 사각 쓰레기통,재활용쓰레기
657,강남구,도곡로440,청운빌딩앞,도로변(횡단보도 포함),일반 사각 쓰레기통,일반쓰레기
658,강남구,도곡로440,청운빌딩앞,도로변(횡단보도 포함),일반 사각 쓰레기통,재활용쓰레기
659,강남구,도곡로458,정일빌딩앞,도로변(횡단보도 포함),일반 사각 쓰레기통,일반쓰레기
660,강남구,도곡로458,정일빌딩앞,도로변(횡단보도 포함),일반 사각 쓰레기통,재활용쓰레기
661,강남구,도곡로504,샤보텐매장앞,도로변(횡단보도 포함),일반 사각 쓰레기통,일반쓰레기
662,강남구,도곡로504,샤보텐매장앞,도로변(횡단보도 포함),일반 사각 쓰레기통,재활용쓰레기
663,강남구,도곡로516,삼성상가앞버스정류장(23-235),"정류소(버스,택시 등)",일반 사각 쓰레기통,일반쓰레기
664,강남구,도곡로516,삼성상가앞버스정류장(23-235),"정류소(버스,택시 등)",일반 사각 쓰레기통,재활용쓰레기
665,강남구,도곡로327,한티역7번출구버스정류장(23-310),"정류소(버스,택시 등)",일반 사각 쓰레기통,일반쓰레기
666,강남구,도곡로327,한티역7번출구버스정류장(23-310),"정류소(버스,택시 등)",일반 사각 쓰레기통,재활용쓰레기
667,강남구,도곡로43길21,래미안그레이트아파트버스정류장(23-311),"정류소(버스,택시 등)",일반 사각 쓰레기통,일반쓰레기
668,강남구,도곡로43길21,래미안그레이트아파트버스정류장(23-311),"정류소(버스,택시 등)",일반 사각 쓰레기통,재활용쓰레기
669,강남구,도곡로253,BMW오토바이매장앞,도로변(횡단보도 포함),일반 사각 쓰레기통,일반쓰레기
670,강남구,도곡로253,BMW오토바이매장앞,도로변(횡단보도 포함),일반 사각 쓰레기통,재활용쓰레기
671,강남구,도곡로213,마고빌딩앞버스정류장(23-312),"정류소(버스,택시 등)",일반 사각 쓰레기통,일반쓰레기
672,강남구,도곡로213,마고빌딩앞버스정류장(23-312),"정류소(버스,택시 등)",일반 사각 쓰레기통,재활용쓰레기
673,강남구,도곡로175,창림빌딩앞버스정류장(23-291),"정류소(버스,택시 등)",일반 사각 쓰레기통,일반쓰레기
674,강남구,도곡로175,창림빌딩앞버스정류장(23-291),"정류소(버스,택시 등)",일반 사각 쓰레기통,재활용쓰레기
675,강남구,도곡로121,아우디도곡전시장버스정류장(23-294),"정류소(버스,택시 등)",일반 사각 쓰레기통,일반쓰레기
676,강남구,도곡로121,아우디도곡전시장버스정류장(23-294),"정류소(버스,택시 등)",일반 사각 쓰레기통,재활용쓰레기
677,강남구,도곡로112,서한빌딩앞버스정류장(23-321),"정류소(버스,택시 등)",일반 사각 쓰레기통,일반쓰레기
678,강남구,도곡로112,서한빌딩앞버스정류장(23-321),"정류소(버스,택시 등)",일반 사각 쓰레기통,재활용쓰레기
679,강남구,도곡로176,크리스빌딩앞버스정류장(23-314),"정류소(버스,택시 등)",일반 사각 쓰레기통,일반쓰레기
680,강남구,도곡로176,크리스빌딩앞버스정류장(23-314),"정류소(버스,택시 등)",일반 사각 쓰레기통,재활용쓰레기
681,강남구,도곡로214,롤스웰빌딩앞버스정류장(23-315),"정류소(버스,택시 등)",일반 사각 쓰레기통,일반쓰레기
682,강남구,도곡로214,롤스웰빌딩앞버스정류장(23-315),"정류소(버스,택시 등)",일반 사각 쓰레기통,재활용쓰레기
683,강남구,도곡로43길21,래미안그레이트아파트버스정류장(23-330),"정류소(버스,택시 등)",일반 사각 쓰레기통,일반쓰레기
684,강남구,도곡로43길21,래미안그레이트아파트버스정류장(23-330),"정류소(버스,택시 등)",일반 사각 쓰레기통,재활용쓰레기
685,강남구,도곡로435,다이소대치점앞,도로변(횡단보도 포함),일반 사각 쓰레기통,일반쓰레기
686,강남구,도곡로435,다이소대치점앞,도로변(횡단보도 포함),일반 사각 쓰레기통,재활용쓰레기
687,강남구,도곡로404,한티역3번출구앞버스정류장(23-222),"정류소(버스,택시 등)",일반 사각 쓰레기통,일반쓰레기
688,강남구,도곡로404,한티역3번출구앞버스정류장(23-222),"정류소(버스,택시 등)",일반 사각 쓰레기통,재활용쓰레기
689,강남구,남부순환로,은마아파트2동앞버스정류장(23-237),"정류소(버스,택시 등)",일반 사각 쓰레기통,일반쓰레기
690,강남구,남부순환로,은마아파트2동앞버스정류장(23-237),"정류소(버스,택시 등)",일반 사각 쓰레기통,재활용쓰레기
691,강남구,남부순환로2935,대치프라자앞버스정류장(23-226),"정류소(버스,택시 등)",일반 사각 쓰레기통,일반쓰레기
692,강남구,남부순환로2935,대치프라자앞버스정류장(23-226),"정류소(버스,택시 등)",일반 사각 쓰레기통,재활용쓰레기
693,강남구,남부순환로2913,동하빌딩앞버스정류장(23-227),"정류소(버스,택시 등)",일반 사각 쓰레기통,일반쓰레기
694,강남구,남부순환로2913,동하빌딩앞버스정류장(23-227),"정류소(버스,택시 등)",일반 사각 쓰레기통,재활용쓰레기
695,강남구,남부순환로2909,여천빌딩앞,도로변(횡단보도 포함),일반 사각 쓰레기통,일반쓰레기
696,강남구,남부순환로2909,여천빌딩앞,도로변(횡단보도 포함),일반 사각 쓰레기통,재활용쓰레기
697,강남구,남부순환로2753,롯데시네마앞,도로변(횡단보도 포함),일반 사각 쓰레기통,일반쓰레기
698,강남구,남부순환로2753,롯데시네마앞,도로변(횡단보도 포함),일반 사각 쓰레기통,재활용쓰레기
699,강남구,남부순환로,도곡역2번출구앞,지하철역 입구,일반 사각 쓰레기통,일반쓰레기
700,강남구,남부순환로,도곡역2번출구앞,지하철역 입구,일반 사각 쓰레기통,재활용쓰레기
701,강남구,남부순환로2912,그랑프리상가앞버스정류장(23-228),"정류소(버스,택시 등)",일반 사각 쓰레기통,일반쓰레기
702,강남구,남부순환로2912,그랑프리상가앞버스정류장(23-228),"정류소(버스,택시 등)",일반 사각 쓰레기통,재활용쓰레기
703,강남구,남부순환로,대치역7번출구앞,지하철역 입구,일반 사각 쓰레기통,일반쓰레기
704,강남구,남부순환로,대치역7번출구앞,지하철역 입구,일반 사각 쓰레기통,재활용쓰레기
705,강남구,남부순환로,미도아파트201동앞버스정류장(23-238),"정류소(버스,택시 등)",일반 사각 쓰레기통,일반쓰레기
706,강남구,남부순환로,미도아파트201동앞버스정류장(23-238),"정류소(버스,택시 등)",일반 사각 쓰레기통,재활용쓰레기
707,강남구,남부순환로3104,학여울역1번출구앞,지하철역 입구,일반 사각 쓰레기통,일반쓰레기
708,강남구,남부순환로3104,학여울역2번출구앞,지하철역 입구,일반 사각 쓰레기통,재활용쓰레기
709,강남구,남부순환로2807,숙명여고앞버스정류장(23-329),"정류소(버스,택시 등)",일반 사각 쓰레기통,일반쓰레기
710,강남구,남부순환로2807,숙명여고앞버스정류장(23-329),"정류소(버스,택시 등)",일반 사각 쓰레기통,재활용쓰레기
711,강남구,남부순환로2747,도곡동 매봉역2번출구앞,지하철역 입구,일반 사각 쓰레기통,일반쓰레기
712,강남구,남부순환로2747,도곡동 매봉역3번출구앞,지하철역 입구,일반 사각 쓰레기통,재활용쓰레기
713,강남구,남부순환로2729,바스타빌딩앞버스정류장(23-317),"정류소(버스,택시 등)",일반 사각 쓰레기통,일반쓰레기
714,강남구,남부순환로2729,바스타빌딩앞버스정류장(23-317),"정류소(버스,택시 등)",일반 사각 쓰레기통,재활용쓰레기
715,강남구,남부순환로2736,지앤지빌딩앞버스정류장(23-323),"정류소(버스,택시 등)",일반 사각 쓰레기통,일반쓰레기
716,강남구,남부순환로2736,지앤지빌딩앞버스정류장(23-323),"정류소(버스,택시 등)",일반 사각 쓰레기통,재활용쓰레기
717,강남구,남부순환로2748,아성빌딩앞,도로변(횡단보도 포함),일반 사각 쓰레기통,일반쓰레기
718,강남구,남부순환로2748,아성빌딩앞,도로변(횡단보도 포함),일반 사각 쓰레기통,재활용쓰레기
719,강남구,남부순환로,개포한신아파트앞버스정류장(23-324),"정류소(버스,택시 등)",일반 사각 쓰레기통,일반쓰레기
720,강남구,남부순환로,개포한신아파트앞버스정류장(23-324),"정류소(버스,택시 등)",일반 사각 쓰레기통,재활용쓰레기
721,강남구,남부순환로,도곡역4번출구앞(언주로30길57),도로변(횡단보도 포함),일반 사각 쓰레기통,일반쓰레기
722,강남구,남부순환로,도곡역4번출구앞(언주로30길57),도로변(횡단보도 포함),일반 사각 쓰레기통,재활용쓰레기
723,강남구,남부순환로,개포2차우성아파트9동앞(선릉로120),도로변(횡단보도 포함),일반 사각 쓰레기통,일반쓰레기
724,강남구,남부순환로,개포2차우성아파트9동앞(선릉로120),도로변(횡단보도 포함),일반 사각 쓰레기통,재활용쓰레기
725,강남구,영동대로302,현대자동차전시장앞,도로변(횡단보도 포함),일반 사각 쓰레기통,일반쓰레기
726,강남구,영동대로302,현대자동차전시장앞,도로변(횡단보도 포함),일반 사각 쓰레기통,재활용쓰레기
727,강남구,영동대로318,아우디대치전시장앞,도로변(횡단보도 포함),일반 사각 쓰레기통,일반쓰레기
728,강남구,영동대로318,아우디대치전시장앞,도로변(횡단보도 포함),일반 사각 쓰레기통,재활용쓰레기
729,강남구,영동대로334,벤츠전시장앞버스정류장(23-507),"정류소(버스,택시 등)",일반 사각 쓰레기통,일반쓰레기
730,강남구,영동대로334,벤츠전시장앞버스정류장(23-507),"정류소(버스,택시 등)",일반 사각 쓰레기통,재활용쓰레기
731,강남구,영동대로430,아이파크모델하우스버스정류장(23-741),"정류소(버스,택시 등)",일반 사각 쓰레기통,일반쓰레기
732,강남구,영동대로430,아이파크모델하우스버스정류장(23-741),"정류소(버스,택시 등)",일반 사각 쓰레기통,재활용쓰레기
733,강남구,영동대로429,세아빌딩앞,도로변(횡단보도 포함),일반 사각 쓰레기통,일반쓰레기
734,강남구,영동대로429,세아빌딩앞,도로변(횡단보도 포함),일반 사각 쓰레기통,재활용쓰레기
735,강남구,영동대로401,포르쉐전시장앞,도로변(횡단보도 포함),일반 사각 쓰레기통,일반쓰레기
736,강남구,영동대로401,포르쉐전시장앞,도로변(횡단보도 포함),일반 사각 쓰레기통,재활용쓰레기
737,강남구,영동대로311,SOMO빌딩앞버스정류장(23-857),"정류소(버스,택시 등)",일반 사각 쓰레기통,일반쓰레기
738,강남구,영동대로311,SOMO빌딩앞버스정류장(23-857),"정류소(버스,택시 등)",일반 사각 쓰레기통,재활용쓰레기
739,강남구,영동대로301,BMW전시장앞,도로변(횡단보도 포함),일반 사각 쓰레기통,일반쓰레기
740,강남구,영동대로301,BMW전시장앞,도로변(횡단보도 포함),일반 사각 쓰레기통,재활용쓰레기
741,강남구,영동대로202,LG베스트샵전시장앞,도로변(횡단보도 포함),일반 사각 쓰레기통,일반쓰레기
742,강남구,영동대로202,LG베스트샵전시장앞,도로변(횡단보도 포함),일반 사각 쓰레기통,재활용쓰레기
743,강남구,영동대로216,상지빌딩앞버스정류장(23-240),"정류소(버스,택시 등)",일반 사각 쓰레기통,일반쓰레기
744,강남구,영동대로216,상지빌딩앞버스정류장(23-240),"정류소(버스,택시 등)",일반 사각 쓰레기통,재활용쓰레기
745,강남구,영동대로230,대치우성아파트5동앞,도로변(횡단보도 포함),일반 사각 쓰레기통,일반쓰레기
746,강남구,영동대로230,대치우성아파트6동앞,도로변(횡단보도 포함),일반 사각 쓰레기통,재활용쓰레기
747,강남구,영동대로235,GS칼텍스은마주유소앞,도로변(횡단보도 포함),일반 사각 쓰레기통,일반쓰레기
748,강남구,영동대로235,GS칼텍스은마주유소앞,도로변(횡단보도 포함),일반 사각 쓰레기통,재활용쓰레기
749,강남구,영동대로227,정산빌딩정상어학원앞,도로변(횡단보도 포함),일반 사각 쓰레기통,일반쓰레기
750,강남구,영동대로227,정산빌딩정상어학원앞,도로변(횡단보도 포함),일반 사각 쓰레기통,재활용쓰레기
751,강남구,영동대로225,강남나무병원앞,도로변(횡단보도 포함),일반 사각 쓰레기통,일반쓰레기
752,강남구,영동대로225,강남나무병원앞,도로변(횡단보도 포함),일반 사각 쓰레기통,재활용쓰레기
753,강남구,영동대로221,서림상가앞,도로변(횡단보도 포함),일반 사각 쓰레기통,일반쓰레기
754,강남구,영동대로221,서림상가앞,도로변(횡단보도 포함),일반 사각 쓰레기통,재활용쓰레기
755,강남구,영동대로219,미소야매장앞버스정류장(23-236),"정류소(버스,택시 등)",일반 사각 쓰레기통,일반쓰레기
756,강남구,영동대로219,미소야매장앞버스정류장(23-236),"정류소(버스,택시 등)",일반 사각 쓰레기통,재활용쓰레기
757,강남구,영동대로215,일원빌딩스타벅스매장앞,도로변(횡단보도 포함),일반 사각 쓰레기통,일반쓰레기
758,강남구,영동대로215,일원빌딩스타벅스매장앞,도로변(횡단보도 포함),일반 사각 쓰레기통,재활용쓰레기
759,강남구,영동대로,은마아파트1동앞(삼성로212),도로변(횡단보도 포함),일반 사각 쓰레기통,일반쓰레기
760,강남구,영동대로,은마아파트1동앞(삼성로212),도로변(횡단보도 포함),일반 사각 쓰레기통,재활용쓰레기
761,강남구,삼성로212,은마아파트상가앞버스정류장(23-233),"정류소(버스,택시 등)",일반 사각 쓰레기통,일반쓰레기
762,강남구,삼성로212,은마아파트상가앞버스정류장(23-233),"정류소(버스,택시 등)",일반 사각 쓰레기통,재활용쓰레기
763,강남구,삼성로236,은마치안센터앞버스정류장(23-234),"정류소(버스,택시 등)",일반 사각 쓰레기통,일반쓰레기
764,강남구,삼성로236,은마치안센터앞버스정류장(23-234),"정류소(버스,택시 등)",일반 사각 쓰레기통,재활용쓰레기
765,강남구,삼성로,SM타워하나은행앞(도곡로501),도로변(횡단보도 포함),일반 사각 쓰레기통,일반쓰레기
766,강남구,삼성로,SM타워하나은행앞(도곡로501),도로변(횡단보도 포함),일반 사각 쓰레기통,재활용쓰레기
767,강남구,삼성로324,신해청상가앞버스정류장(23-247),"정류소(버스,택시 등)",일반 사각 쓰레기통,일반쓰레기
768,강남구,삼성로324,신해청상가앞버스정류장(23-247),"정류소(버스,택시 등)",일반 사각 쓰레기통,재활용쓰레기
769,강남구,삼성로334,M빌딩앞,도로변(횡단보도 포함),일반 사각 쓰레기통,일반쓰레기
770,강남구,삼성로334,M빌딩앞,도로변(횡단보도 포함),일반 사각 쓰레기통,재활용쓰레기
771,강남구,삼성로408,경승빌딩앞버스정류장(23-250),"정류소(버스,택시 등)",일반 사각 쓰레기통,일반쓰레기
772,강남구,삼성로408,경승빌딩앞버스정류장(23-250),"정류소(버스,택시 등)",일반 사각 쓰레기통,재활용쓰레기
773,강남구,삼성로430,하이글로빌딩앞,도로변(횡단보도 포함),일반 사각 쓰레기통,일반쓰레기
774,강남구,삼성로430,하이글로빌딩앞,도로변(횡단보도 포함),일반 사각 쓰레기통,재활용쓰레기
775,강남구,삼성로401,아티드빌딩앞버스정류장(23-261),"정류소(버스,택시 등)",일반 사각 쓰레기통,일반쓰레기
776,강남구,삼성로401,아티드빌딩앞버스정류장(23-261),"정류소(버스,택시 등)",일반 사각 쓰레기통,재활용쓰레기
777,강남구,삼성로335,GS칼텍스센트럴주유소앞,도로변(횡단보도 포함),일반 사각 쓰레기통,일반쓰레기
778,강남구,삼성로335,GS칼텍스센트럴주유소앞,도로변(횡단보도 포함),일반 사각 쓰레기통,재활용쓰레기
779,강남구,삼성로233,신사빌딩앞버스정류장(23-224),"정류소(버스,택시 등)",일반 사각 쓰레기통,일반쓰레기
780,강남구,삼성로233,신사빌딩앞버스정류장(23-224),"정류소(버스,택시 등)",일반 사각 쓰레기통,재활용쓰레기
781,강남구,삼성로,한티근린공원버스정류장(23-225),"정류소(버스,택시 등)",일반 사각 쓰레기통,일반쓰레기
782,강남구,삼성로,한티근린공원버스정류장(23-225),"정류소(버스,택시 등)",일반 사각 쓰레기통,재활용쓰레기
783,강남구,삼성로,한티근린공원(대치동212-180),도로변(횡단보도 포함),일반 사각 쓰레기통,일반쓰레기
784,강남구,삼성로,한티근린공원(대치동212-180),도로변(횡단보도 포함),일반 사각 쓰레기통,재활용쓰레기
785,강남구,삼성로438,도화타워 앞,도로변(횡단보도 포함),일반 사각 쓰레기통,일반쓰레기
786,강남구,삼성로438,도화타워 앞,도로변(횡단보도 포함),일반 사각 쓰레기통,재활용쓰레기
787,강남구,삼성로438,도화타워 앞,도로변(횡단보도 포함),일반 사각 쓰레기통,일반쓰레기
788,강남구,삼성로438,도화타워 앞,도로변(횡단보도 포함),일반 사각 쓰레기통,재활용쓰레기
789,강남구,선릉로424,우리집만두가게앞,도로변(횡단보도 포함),일반 사각 쓰레기통,일반쓰레기
790,강남구,선릉로424,우리집만두가게앞,도로변(횡단보도 포함),일반 사각 쓰레기통,재활용쓰레기
791,강남구,선릉로434,(대치동889-33),도로변(횡단보도 포함),일반 사각 쓰레기통,일반쓰레기
792,강남구,선릉로434,(대치동889-34),도로변(횡단보도 포함),일반 사각 쓰레기통,재활용쓰레기
793,강남구,선릉로423,동부센트레빌앞버스정류장(23-307),"정류소(버스,택시 등)",일반 사각 쓰레기통,일반쓰레기
794,강남구,선릉로423,동부센트레빌앞버스정류장(23-307),"정류소(버스,택시 등)",일반 사각 쓰레기통,재활용쓰레기
795,강남구,선릉로69길20,대림이편한세상앞버스정류장(23-308),"정류소(버스,택시 등)",일반 사각 쓰레기통,일반쓰레기
796,강남구,선릉로69길20,대림이편한세상앞버스정류장(23-308),"정류소(버스,택시 등)",일반 사각 쓰레기통,재활용쓰레기
797,강남구,선릉로209,대도초등학교후문앞,도로변(횡단보도 포함),일반 사각 쓰레기통,일반쓰레기
798,강남구,선릉로209,대도초등학교후문앞,도로변(횡단보도 포함),일반 사각 쓰레기통,재활용쓰레기
799,강남구,선릉로,숙명여고후문육교앞(남부순환로2807),도로변(횡단보도 포함),일반 사각 쓰레기통,일반쓰레기
800,강남구,선릉로,숙명여고후문육교앞(남부순환로2807),도로변(횡단보도 포함),일반 사각 쓰레기통,재활용쓰레기
801,강남구,선릉로206,대치동부센트레빌앞버스정류장(23-220),"정류소(버스,택시 등)",일반 사각 쓰레기통,일반쓰레기
802,강남구,선릉로206,대치동부센트레빌앞버스정류장(23-220),"정류소(버스,택시 등)",일반 사각 쓰레기통,재활용쓰레기
803,강남구,언주로,래미안그레이트아파트버스정류장(23-925),"정류소(버스,택시 등)",일반 사각 쓰레기통,일반쓰레기
804,강남구,언주로,래미안그레이트아파트버스정류장(23-925),"정류소(버스,택시 등)",일반 사각 쓰레기통,재활용쓰레기
805,강남구,언주로316,대림역삼아파트앞버스정류장(23-296),"정류소(버스,택시 등)",일반 사각 쓰레기통,일반쓰레기
806,강남구,언주로316,대림역삼아파트앞버스정류장(23-296),"정류소(버스,택시 등)",일반 사각 쓰레기통,재활용쓰레기
807,강남구,언주로,개나리래미안아파트앞버스정류장(23-876),"정류소(버스,택시 등)",일반 사각 쓰레기통,일반쓰레기
808,강남구,언주로,개나리래미안아파트앞버스정류장(23-876),"정류소(버스,택시 등)",일반 사각 쓰레기통,재활용쓰레기
809,강남구,언주로420,역삼자이아파트앞버스정류장(23-298),"정류소(버스,택시 등)",일반 사각 쓰레기통,일반쓰레기
810,강남구,언주로420,역삼자이아파트앞버스정류장(23-298),"정류소(버스,택시 등)",일반 사각 쓰레기통,재활용쓰레기
811,강남구,언주로420,역삼자이아파트102동앞,도로변(횡단보도 포함),일반 사각 쓰레기통,일반쓰레기
812,강남구,언주로420,역삼자이아파트102동앞,도로변(횡단보도 포함),일반 사각 쓰레기통,재활용쓰레기
813,강남구,논현로404,정안빌딩앞,도로변(횡단보도 포함),일반 사각 쓰레기통,일반쓰레기
814,강남구,논현로404,정안빌딩앞,도로변(횡단보도 포함),일반 사각 쓰레기통,재활용쓰레기
815,강남구,논현로,역삼역1번출구앞(테헤란로202),도로변(횡단보도 포함),일반 사각 쓰레기통,일반쓰레기
816,강남구,논현로,역삼역1번출구앞(테헤란로202),도로변(횡단보도 포함),일반 사각 쓰레기통,재활용쓰레기
817,강남구,논현로405,해은빌딩앞,도로변(횡단보도 포함),일반 사각 쓰레기통,일반쓰레기
818,강남구,논현로405,해은빌딩앞,도로변(횡단보도 포함),일반 사각 쓰레기통,재활용쓰레기
819,강남구,개포로,일원1동사무소앞버스정류장(23-872),"정류소(버스,택시 등)",일반 사각 쓰레기통,일반쓰레기
820,강남구,개포로,일원1동사무소앞버스정류장(23-872),"정류소(버스,택시 등)",일반 사각 쓰레기통,재활용쓰레기
821,강남구,개포로,(양재대로55길19)버스정류장(23-400),"정류소(버스,택시 등)",일반 사각 쓰레기통,일반쓰레기
822,강남구,개포로,(양재대로55길19)버스정류장(23-400),"정류소(버스,택시 등)",일반 사각 쓰레기통,재활용쓰레기
823,강남구,개포로,대청역3번출구(일원로7),도로변(횡단보도 포함),일반 사각 쓰레기통,일반쓰레기
824,강남구,개포로,대청역3번출구(일원로7),도로변(횡단보도 포함),일반 사각 쓰레기통,재활용쓰레기
825,강남구,개포로110길15,대청역6번출구앞,도로변(횡단보도 포함),일반 사각 쓰레기통,일반쓰레기
826,강남구,개포로110길15,대청역6번출구앞,도로변(횡단보도 포함),일반 사각 쓰레기통,재활용쓰레기
827,강남구,개포로513,양전초등학교앞버스정류장(23-357),"정류소(버스,택시 등)",일반 사각 쓰레기통,일반쓰레기
828,강남구,개포로513,양전초등학교앞버스정류장(23-357),"정류소(버스,택시 등)",일반 사각 쓰레기통,재활용쓰레기
829,강남구,개포로516,개포주공6단지앞버스정류장(23-358),"정류소(버스,택시 등)",일반 사각 쓰레기통,일반쓰레기
830,강남구,개포로516,개포주공6단지앞버스정류장(23-358),"정류소(버스,택시 등)",일반 사각 쓰레기통,재활용쓰레기
831,강남구,개포로509,개포동근린공원앞버스정류장(23-355),"정류소(버스,택시 등)",일반 사각 쓰레기통,일반쓰레기
832,강남구,개포로509,개포동근린공원앞버스정류장(23-355),"정류소(버스,택시 등)",일반 사각 쓰레기통,재활용쓰레기
833,강남구,개포로,청송빌딩앞(삼성로40),도로변(횡단보도 포함),일반 사각 쓰레기통,일반쓰레기
834,강남구,개포로,청송빌딩앞(삼성로40),도로변(횡단보도 포함),일반 사각 쓰레기통,재활용쓰레기
835,강남구,개포로,개포주공1단지116동앞(개포동660-4),도로변(횡단보도 포함),일반 사각 쓰레기통,일반쓰레기
836,강남구,개포로,개포주공1단지116동앞(개포동660-4),도로변(횡단보도 포함),일반 사각 쓰레기통,재활용쓰레기
837,강남구,개포로,쌍용개포아파트하나은행앞(언주로101),도로변(횡단보도 포함),일반 사각 쓰레기통,일반쓰레기
838,강남구,개포로,쌍용개포아파트하나은행앞(언주로101),도로변(횡단보도 포함),일반 사각 쓰레기통,재활용쓰레기
839,강남구,개포로,개포동용바람다리앞버스정류장(23-378),"정류소(버스,택시 등)",일반 사각 쓰레기통,일반쓰레기
840,강남구,개포로,개포동용바람다리앞버스정류장(23-378),"정류소(버스,택시 등)",일반 사각 쓰레기통,재활용쓰레기
841,강남구,개포로261,개포지구대앞,도로변(횡단보도 포함),일반 사각 쓰레기통,일반쓰레기
842,강남구,개포로261,개포지구대앞,도로변(횡단보도 포함),일반 사각 쓰레기통,재활용쓰레기
843,강남구,개포로224,준빌딩앞버스정류장(23-376),"정류소(버스,택시 등)",일반 사각 쓰레기통,일반쓰레기
844,강남구,개포로224,준빌딩앞버스정류장(23-376),"정류소(버스,택시 등)",일반 사각 쓰레기통,재활용쓰레기
845,강남구,개포로,포이근린공원앞버스정류장(23-373),"정류소(버스,택시 등)",일반 사각 쓰레기통,일반쓰레기
846,강남구,개포로,포이근린공원앞버스정류장(23-373),"정류소(버스,택시 등)",일반 사각 쓰레기통,재활용쓰레기
847,강남구,개포로205,양재빌딩앞버스정류장(23-374),"정류소(버스,택시 등)",일반 사각 쓰레기통,일반쓰레기
848,강남구,개포로205,양재빌딩앞버스정류장(23-374),"정류소(버스,택시 등)",일반 사각 쓰레기통,재활용쓰레기
849,강남구,개포로211,파워엠빌딩앞,도로변(횡단보도 포함),일반 사각 쓰레기통,일반쓰레기
850,강남구,개포로211,파워엠빌딩앞,도로변(횡단보도 포함),일반 사각 쓰레기통,재활용쓰레기
851,강남구,영동대로101,대모산역2번출구앞버스정류장(23-360),"정류소(버스,택시 등)",일반 사각 쓰레기통,일반쓰레기
852,강남구,영동대로101,대모산역2번출구앞버스정류장(23-360),"정류소(버스,택시 등)",일반 사각 쓰레기통,재활용쓰레기
853,강남구,영동대로,대모산역7번출구앞(개포로516),도로변(횡단보도 포함),일반 사각 쓰레기통,일반쓰레기
854,강남구,영동대로,대모산역7번출구앞(개포로516),도로변(횡단보도 포함),일반 사각 쓰레기통,재활용쓰레기
855,강남구,영동대로,개포주공7단지앞버스정류장(23-361),"정류소(버스,택시 등)",일반 사각 쓰레기통,일반쓰레기
856,강남구,영동대로,개포주공7단지앞버스정류장(23-361),"정류소(버스,택시 등)",일반 사각 쓰레기통,재활용쓰레기
857,강남구,영동대로22,대모산역5번출구앞,도로변(횡단보도 포함),일반 사각 쓰레기통,일반쓰레기
858,강남구,영동대로22,대모산역5번출구앞,도로변(횡단보도 포함),일반 사각 쓰레기통,재활용쓰레기
859,강남구,영동대로,일원동대치1단지앞버스정류장(23-395),"정류소(버스,택시 등)",일반 사각 쓰레기통,일반쓰레기
860,강남구,영동대로,일원동대치1단지앞버스정류장(23-395),"정류소(버스,택시 등)",일반 사각 쓰레기통,재활용쓰레기
861,강남구,삼성로151,대치선경2차아파트버스정류장(23-231),"정류소(버스,택시 등)",일반 사각 쓰레기통,일반쓰레기
862,강남구,삼성로151,대치선경2차아파트버스정류장(23-231),"정류소(버스,택시 등)",일반 사각 쓰레기통,재활용쓰레기
863,강남구,삼성로,개포동역7번출구앞버스정류장(23-352),"정류소(버스,택시 등)",일반 사각 쓰레기통,일반쓰레기
864,강남구,삼성로,개포동역7번출구앞버스정류장(23-352),"정류소(버스,택시 등)",일반 사각 쓰레기통,재활용쓰레기
865,강남구,삼성로29,경기여고앞버스정류장(23-351),"정류소(버스,택시 등)",일반 사각 쓰레기통,일반쓰레기
866,강남구,삼성로29,경기여고앞버스정류장(23-351),"정류소(버스,택시 등)",일반 사각 쓰레기통,재활용쓰레기
867,강남구,삼성로11,디에이치아너힐즈앞버스정류장(23-349),"정류소(버스,택시 등)",일반 사각 쓰레기통,일반쓰레기
868,강남구,삼성로11,디에이치아너힐즈앞버스정류장(23-349),"정류소(버스,택시 등)",일반 사각 쓰레기통,재활용쓰레기
869,강남구,삼성로,개포자이프레지던스앞버스정류장(23-350),"정류소(버스,택시 등)",일반 사각 쓰레기통,일반쓰레기
870,강남구,삼성로,개포자이프레지던스앞버스정류장(23-350),"정류소(버스,택시 등)",일반 사각 쓰레기통,재활용쓰레기
871,강남구,삼성로150,대치미도1차아파트앞버스정류장(23-239),"정류소(버스,택시 등)",일반 사각 쓰레기통,일반쓰레기
872,강남구,삼성로150,대치미도1차아파트앞버스정류장(23-239),"정류소(버스,택시 등)",일반 사각 쓰레기통,재활용쓰레기
873,강남구,삼성로151,대치선경2차아파트5동앞,도로변(횡단보도 포함),일반 사각 쓰레기통,일반쓰레기
874,강남구,삼성로151,대치선경2차아파트5동앞,도로변(횡단보도 포함),일반 사각 쓰레기통,재활용쓰레기
875,강남구,삼성로,개포주공5단지앞버스정류장(23-353),"정류소(버스,택시 등)",일반 사각 쓰레기통,일반쓰레기
876,강남구,삼성로,개포주공5단지앞버스정류장(23-353),"정류소(버스,택시 등)",일반 사각 쓰레기통,재활용쓰레기
877,강남구,삼성로36,KB국민은행개포동지점앞,도로변(횡단보도 포함),일반 사각 쓰레기통,일반쓰레기
878,강남구,삼성로36,KB국민은행개포동지점앞,도로변(횡단보도 포함),일반 사각 쓰레기통,재활용쓰레기
879,강남구,선릉로,타워팰리스F동앞버스정류장(23-456),"정류소(버스,택시 등)",일반 사각 쓰레기통,일반쓰레기
880,강남구,선릉로,타워팰리스F동앞버스정류장(23-456),"정류소(버스,택시 등)",일반 사각 쓰레기통,재활용쓰레기
881,강남구,선릉로103,구룡중학교앞버스정류장(23-334),"정류소(버스,택시 등)",일반 사각 쓰레기통,일반쓰레기
882,강남구,선릉로103,구룡중학교앞버스정류장(23-334),"정류소(버스,택시 등)",일반 사각 쓰레기통,재활용쓰레기
883,강남구,선릉로,개포주공1단지114동앞버스정류장(23-335),"정류소(버스,택시 등)",일반 사각 쓰레기통,일반쓰레기
884,강남구,선릉로,개포주공1단지114동앞버스정류장(23-335),"정류소(버스,택시 등)",일반 사각 쓰레기통,재활용쓰레기
885,강남구,선릉로,개포주공1단지앞버스정류장(23-336),"정류소(버스,택시 등)",일반 사각 쓰레기통,일반쓰레기
886,강남구,선릉로,개포주공1단지앞버스정류장(23-336),"정류소(버스,택시 등)",일반 사각 쓰레기통,재활용쓰레기
887,강남구,선릉로8,래미안블레스티지앞버스정류장(23-345),"정류소(버스,택시 등)",일반 사각 쓰레기통,일반쓰레기
888,강남구,선릉로8,래미안블레스티지앞버스정류장(23-345),"정류소(버스,택시 등)",일반 사각 쓰레기통,재활용쓰레기
889,강남구,선릉로32,영동농협지소앞버스정류장(23-344),"정류소(버스,택시 등)",일반 사각 쓰레기통,일반쓰레기
890,강남구,선릉로32,영동농협지소앞버스정류장(23-344),"정류소(버스,택시 등)",일반 사각 쓰레기통,재활용쓰레기
891,강남구,선릉로,개포주공1단지160동앞버스정류장(23-457),"정류소(버스,택시 등)",일반 사각 쓰레기통,일반쓰레기
892,강남구,선릉로,개포주공1단지160동앞버스정류장(23-457),"정류소(버스,택시 등)",일반 사각 쓰레기통,재활용쓰레기
893,강남구,언주로,개포래미안포레스트앞버스정류장(23-364),"정류소(버스,택시 등)",일반 사각 쓰레기통,일반쓰레기
894,강남구,언주로,개포래미안포레스트앞버스정류장(23-364),"정류소(버스,택시 등)",일반 사각 쓰레기통,재활용쓰레기
895,강남구,언주로,개포주공1단지140동앞버스정류장(23-459),"정류소(버스,택시 등)",일반 사각 쓰레기통,일반쓰레기
896,강남구,언주로,개포주공1단지140동앞버스정류장(23-459),"정류소(버스,택시 등)",일반 사각 쓰레기통,재활용쓰레기
897,강남구,언주로,개포주공1단지123동앞버스정류장(23-339),"정류소(버스,택시 등)",일반 사각 쓰레기통,일반쓰레기
898,강남구,언주로,개포주공1단지123동앞버스정류장(23-339),"정류소(버스,택시 등)",일반 사각 쓰레기통,재활용쓰레기
899,강남구,언주로110,개포경남아파트상가앞버스정류장(23-340),"정류소(버스,택시 등)",일반 사각 쓰레기통,일반쓰레기
900,강남구,언주로110,개포경남아파트상가앞버스정류장(23-340),"정류소(버스,택시 등)",일반 사각 쓰레기통,재활용쓰레기
901,강남구,언주로122,우성캐릭터빌앞버스정류장(23-326),"정류소(버스,택시 등)",일반 사각 쓰레기통,일반쓰레기
902,강남구,언주로122,우성캐릭터빌앞버스정류장(23-326),"정류소(버스,택시 등)",일반 사각 쓰레기통,재활용쓰레기
903,강남구,논현로38,다우빌딩앞버스정류장(23-369),"정류소(버스,택시 등)",일반 사각 쓰레기통,일반쓰레기
904,강남구,논현로38,다우빌딩앞버스정류장(23-369),"정류소(버스,택시 등)",일반 사각 쓰레기통,재활용쓰레기
905,강남구,논현로82,봉명빌딩앞버스정류장(23-370),"정류소(버스,택시 등)",일반 사각 쓰레기통,일반쓰레기
906,강남구,논현로82,봉명빌딩앞버스정류장(23-370),"정류소(버스,택시 등)",일반 사각 쓰레기통,재활용쓰레기
907,강남구,논현로142,동현빌딩앞(구벚꽃길),도로변(횡단보도 포함),일반 사각 쓰레기통,일반쓰레기
908,강남구,논현로142,동현빌딩앞(구벚꽃길),도로변(횡단보도 포함),일반 사각 쓰레기통,재활용쓰레기
909,강남구,양재천로199,강남수도사업소(구매봉길),도로변(횡단보도 포함),일반 사각 쓰레기통,일반쓰레기
910,강남구,양재천로199,강남수도사업소(구매봉길),도로변(횡단보도 포함),일반 사각 쓰레기통,재활용쓰레기
911,강남구,일원로120,일원역6번출구앞버스정류장(23-880),"정류소(버스,택시 등)",일반 사각 쓰레기통,일반쓰레기
912,강남구,일원로120,일원역6번출구앞버스정류장(23-880),"정류소(버스,택시 등)",일반 사각 쓰레기통,재활용쓰레기
913,강남구,일원로,개포루체하임아파트앞버스정류장(23-489),"정류소(버스,택시 등)",일반 사각 쓰레기통,일반쓰레기
914,강남구,일원로,개포루체하임아파트앞버스정류장(23-489),"정류소(버스,택시 등)",일반 사각 쓰레기통,재활용쓰레기
915,강남구,일원로,대청역5번출구앞버스정류장(23-728),"정류소(버스,택시 등)",일반 사각 쓰레기통,일반쓰레기
916,강남구,일원로,대청역5번출구앞버스정류장(23-728),"정류소(버스,택시 등)",일반 사각 쓰레기통,재활용쓰레기
917,강남구,일원로115,일원역1번출구앞버스정류장(23-546),"정류소(버스,택시 등)",일반 사각 쓰레기통,일반쓰레기
918,강남구,일원로115,일원역1번출구앞버스정류장(23-546),"정류소(버스,택시 등)",일반 사각 쓰레기통,재활용쓰레기
919,강남구,일원로81,삼성의료원정문앞버스정류장(23-386),"정류소(버스,택시 등)",일반 사각 쓰레기통,일반쓰레기
920,강남구,일원로81,삼성의료원정문앞버스정류장(23-386),"정류소(버스,택시 등)",일반 사각 쓰레기통,재활용쓰레기
921,강남구,일원로21,영희초등학교앞버스정류장(23-586),"정류소(버스,택시 등)",일반 사각 쓰레기통,일반쓰레기
922,강남구,일원로21,영희초등학교앞버스정류장(23-586),"정류소(버스,택시 등)",일반 사각 쓰레기통,재활용쓰레기
923,강남구,일원로7,중동고등학교앞버스정류장(23-911),"정류소(버스,택시 등)",일반 사각 쓰레기통,일반쓰레기
924,강남구,일원로7,중동고등학교앞버스정류장(23-911),"정류소(버스,택시 등)",일반 사각 쓰레기통,재활용쓰레기
925,강남구,광평로,수서역1번출구앞버스정류장(23-404),"정류소(버스,택시 등)",일반 사각 쓰레기통,일반쓰레기
926,강남구,광평로,수서역1번출구앞버스정류장(23-404),"정류소(버스,택시 등)",일반 사각 쓰레기통,재활용쓰레기
927,강남구,광평로,수서동 북주차장앞(수서동735),도로변(횡단보도 포함),일반 사각 쓰레기통,일반쓰레기
928,강남구,광평로,수서동 북주차장앞(수서동735),도로변(횡단보도 포함),일반 사각 쓰레기통,재활용쓰레기
929,강남구,광평로39길3,수서동익아파트앞버스정류장(23-406),"정류소(버스,택시 등)",일반 사각 쓰레기통,일반쓰레기
930,강남구,광평로39길3,수서동익아파트앞버스정류장(23-406),"정류소(버스,택시 등)",일반 사각 쓰레기통,재활용쓰레기
931,강남구,광평로115,일원역3번출구앞버스정류장(23-381),"정류소(버스,택시 등)",일반 사각 쓰레기통,일반쓰레기
932,강남구,광평로115,일원역3번출구앞버스정류장(23-381),"정류소(버스,택시 등)",일반 사각 쓰레기통,재활용쓰레기
933,강남구,광평로,푸른마을아파트앞버스정류장(23-382),"정류소(버스,택시 등)",일반 사각 쓰레기통,일반쓰레기
934,강남구,광평로,푸른마을아파트앞버스정류장(23-382),"정류소(버스,택시 등)",일반 사각 쓰레기통,재활용쓰레기
935,강남구,광평로10길6,한솔마을아파트앞버스정류장(23-449),"정류소(버스,택시 등)",일반 사각 쓰레기통,일반쓰레기
936,강남구,광평로10길6,한솔마을아파트앞버스정류장(23-449),"정류소(버스,택시 등)",일반 사각 쓰레기통,재활용쓰레기
937,강남구,광평로115,일원역5번출구앞,지하철역 입구,일반 사각 쓰레기통,일반쓰레기
938,강남구,광평로115,일원역5번출구앞,지하철역 입구,일반 사각 쓰레기통,재활용쓰레기
939,강남구,광평로280,로즈데일빌딩앞버스정류장(23-410),"정류소(버스,택시 등)",일반 사각 쓰레기통,일반쓰레기
940,강남구,광평로280,로즈데일빌딩앞버스정류장(23-410),"정류소(버스,택시 등)",일반 사각 쓰레기통,재활용쓰레기
941,강남구,밤고개로,수서역6번출구앞버스정류장(23-408),"정류소(버스,택시 등)",일반 사각 쓰레기통,일반쓰레기
942,강남구,밤고개로,수서역6번출구앞버스정류장(23-408),"정류소(버스,택시 등)",일반 사각 쓰레기통,재활용쓰레기
943,강남구,밤고개로286,세곡동주민센터앞버스정류장(23-411),"정류소(버스,택시 등)",일반 사각 쓰레기통,일반쓰레기
944,강남구,밤고개로286,세곡동주민센터앞버스정류장(23-411),"정류소(버스,택시 등)",일반 사각 쓰레기통,재활용쓰레기
945,강남구,밤고개로,세곡동사거리 버스정류장(23-415),"정류소(버스,택시 등)",일반 사각 쓰레기통,일반쓰레기
946,강남구,밤고개로,세곡동사거리 버스정류장(23-415),"정류소(버스,택시 등)",일반 사각 쓰레기통,재활용쓰레기
947,강남구,밤고개로,수서역5번출구앞버스정류장(23-409),"정류소(버스,택시 등)",일반 사각 쓰레기통,일반쓰레기
948,강남구,밤고개로,수서역5번출구앞버스정류장(23-409),"정류소(버스,택시 등)",일반 사각 쓰레기통,재활용쓰레기
949,강남구,밤고개로99,수서SRT역 입구,"광장, 공원",일반 사각 쓰레기통,일반쓰레기
950,강남구,밤고개로99,수서SRT역 입구,"광장, 공원",일반 사각 쓰레기통,재활용쓰레기
951,강남구,밤고개로,수서삼익아파트앞버스정류장(23-402),"정류소(버스,택시 등)",일반 사각 쓰레기통,일반쓰레기
952,강남구,밤고개로,수서삼익아파트앞버스정류장(23-402),"정류소(버스,택시 등)",일반 사각 쓰레기통,재활용쓰레기
953,강남구,밤고개로248,방죽마을 버스정류장(23-428),"정류소(버스,택시 등)",일반 사각 쓰레기통,일반쓰레기
954,강남구,밤고개로248,방죽마을 버스정류장(23-428),"정류소(버스,택시 등)",일반 사각 쓰레기통,재활용쓰레기
955,강남구,헌릉로,세곡동사거리 버스정류장(23-421),"정류소(버스,택시 등)",일반 사각 쓰레기통,일반쓰레기
956,강남구,헌릉로,세곡동사거리 버스정류장(23-421),"정류소(버스,택시 등)",일반 사각 쓰레기통,재활용쓰레기
957,강남구,헌릉로590길10,신동아파밀리에2단지앞버스정류장(23-537),"정류소(버스,택시 등)",일반 사각 쓰레기통,일반쓰레기
958,강남구,헌릉로590길10,신동아파밀리에2단지앞버스정류장(23-537),"정류소(버스,택시 등)",일반 사각 쓰레기통,재활용쓰레기
959,강남구,헌릉로571길20,LH이편한세상1단지앞버스정류장(23-412),"정류소(버스,택시 등)",일반 사각 쓰레기통,일반쓰레기
960,강남구,헌릉로571길20,LH이편한세상1단지앞버스정류장(23-412),"정류소(버스,택시 등)",일반 사각 쓰레기통,재활용쓰레기
961,강남구,헌릉로623,대왕파출소앞버스정류장(23-884),"정류소(버스,택시 등)",일반 사각 쓰레기통,일반쓰레기
962,강남구,헌릉로623,대왕파출소앞버스정류장(23-884),"정류소(버스,택시 등)",일반 사각 쓰레기통,재활용쓰레기
963,강남구,헌릉로569길9,은곡마을상업지구앞버스정류장(23-942),"정류소(버스,택시 등)",일반 사각 쓰레기통,일반쓰레기
964,강남구,헌릉로569길9,은곡마을상업지구앞버스정류장(23-942),"정류소(버스,택시 등)",일반 사각 쓰레기통,재활용쓰레기
965,강남구,헌릉로590길60,구립행복요양병원앞버스정류장(23-961),"정류소(버스,택시 등)",일반 사각 쓰레기통,일반쓰레기
966,강남구,헌릉로590길60,구립행복요양병원앞버스정류장(23-961),"정류소(버스,택시 등)",일반 사각 쓰레기통,재활용쓰레기
967,강남구,양재대로,서울삼성병원건너편버스정류장(23-994),"정류소(버스,택시 등)",일반 사각 쓰레기통,일반쓰레기
968,강남구,양재대로,서울삼성병원건너편버스정류장(23-994),"정류소(버스,택시 등)",일반 사각 쓰레기통,재활용쓰레기
969,강남구,영동대로3길,개포주공6단지앞버스정류장(23-492),"정류소(버스,택시 등)",일반 사각 쓰레기통,일반쓰레기
970,강남구,영동대로3길,개포주공6단지앞버스정류장(23-492),"정류소(버스,택시 등)",일반 사각 쓰레기통,재활용쓰레기
971,강남구,선릉로4길30,개포시립도서관앞버스정류장(23-346),"정류소(버스,택시 등)",일반 사각 쓰레기통,일반쓰레기
972,강남구,선릉로4길30,개포시립도서관앞버스정류장(23-346),"정류소(버스,택시 등)",일반 사각 쓰레기통,재활용쓰레기
973,강남구,언주로7길,개포래미안포레스트앞버스정류장(23-516),"정류소(버스,택시 등)",일반 사각 쓰레기통,일반쓰레기
974,강남구,언주로7길,개포래미안포레스트앞버스정류장(23-516),"정류소(버스,택시 등)",일반 사각 쓰레기통,재활용쓰레기
975,강남구,개포로22길65,국립국악고등학교앞버스정류장(23-518),"정류소(버스,택시 등)",일반 사각 쓰레기통,일반쓰레기
976,강남구,개포로22길65,국립국악고등학교앞버스정류장(23-518),"정류소(버스,택시 등)",일반 사각 쓰레기통,재활용쓰레기
977,강남구,자곡로21,세곡푸르지오아파트앞버스정류장(23-480),"정류소(버스,택시 등)",일반 사각 쓰레기통,일반쓰레기
978,강남구,자곡로21,세곡푸르지오아파트앞버스정류장(23-480),"정류소(버스,택시 등)",일반 사각 쓰레기통,재활용쓰레기
979,강남구,자곡로36,효성해링턴코트아파트앞버스정류장(23-482),"정류소(버스,택시 등)",일반 사각 쓰레기통,일반쓰레기
980,강남구,자곡로36,효성해링턴코트아파트앞버스정류장(23-482),"정류소(버스,택시 등)",일반 사각 쓰레기통,재활용쓰레기
981,강남구,자곡로3길22,LH강남3단지아파트앞버스정류장(23-447),"정류소(버스,택시 등)",일반 사각 쓰레기통,일반쓰레기
982,강남구,자곡로3길22,LH강남3단지아파트앞버스정류장(23-447),"정류소(버스,택시 등)",일반 사각 쓰레기통,재활용쓰레기
983,강남구,자곡로,해찬솔공원앞버스정류장(23-448),"정류소(버스,택시 등)",일반 사각 쓰레기통,일반쓰레기
984,강남구,자곡로,해찬솔공원앞버스정류장(23-448),"정류소(버스,택시 등)",일반 사각 쓰레기통,재활용쓰레기
985,강남구,자곡로101,래미안강남힐즈아파트앞버스정류장(23-471),"정류소(버스,택시 등)",일반 사각 쓰레기통,일반쓰레기
986,강남구,자곡로101,래미안강남힐즈아파트앞버스정류장(23-471),"정류소(버스,택시 등)",일반 사각 쓰레기통,재활용쓰레기
987,강남구,자곡로120,못골마을방면버스정류장(23-446),"정류소(버스,택시 등)",일반 사각 쓰레기통,일반쓰레기
988,강남구,자곡로120,못골마을방면버스정류장(23-446),"정류소(버스,택시 등)",일반 사각 쓰레기통,재활용쓰레기
989,강남구,자곡로3길21,LH강남힐스테이트505동옆,"광장, 공원",일반 사각 쓰레기통,일반쓰레기
990,강남구,자곡로3길21,LH강남힐스테이트505동옆,"광장, 공원",일반 사각 쓰레기통,재활용쓰레기
991,강남구,자곡로260,한양수자인아파트앞버스정류장(23-394),"정류소(버스,택시 등)",일반 사각 쓰레기통,일반쓰레기
992,강남구,자곡로260,한양수자인아파트앞버스정류장(23-394),"정류소(버스,택시 등)",일반 사각 쓰레기통,재활용쓰레기
993,강남구,자곡로,수서차량사무소후문앞버스정류장(23-393),"정류소(버스,택시 등)",일반 사각 쓰레기통,일반쓰레기
994,강남구,자곡로,수서차량사무소후문앞버스정류장(23-393),"정류소(버스,택시 등)",일반 사각 쓰레기통,재활용쓰레기
995,강남구,영동대로,"휘문고,대치2동주민센터 버스정류장(23-245)","정류소(버스,택시 등)",일반 사각 쓰레기통,일반쓰레기
996,강남구,영동대로,"휘문고,대치2동주민센터 버스정류장(23-245)","정류소(버스,택시 등)",일반 사각 쓰레기통,재활용쓰레기
997,강남구,논현로,총지사 버스정류장(23-313),"정류소(버스,택시 등)",일반 사각 쓰레기통,일반쓰레기
998,강남구,논현로,총지사 버스정류장(23-313),"정류소(버스,택시 등)",일반 사각 쓰레기통,재활용쓰레기
999,강남구,밤고개로,고속철도수서역 버스정류장(23-320),"정류소(버스,택시 등)",일반 사각 쓰레기통,일반쓰레기
1000,강남구,밤고개로,고속철도수서역 버스정류장(23-320),"정류소(버스,택시 등)",일반 사각 쓰레기통,재활용쓰레기
1001,강남구,밤고개로,LH수서아파트 버스정류장(23-440),"정류소(버스,택시 등)",일반 사각 쓰레기통,일반쓰레기
1002,강남구,밤고개로,LH수서아파트 버스정류장(23-440),"정류소(버스,택시 등)",일반 사각 쓰레기통,재활용쓰레기
1003,강남구,언주로,개포우성아파트 버스정류장(23-445),"정류소(버스,택시 등)",일반 사각 쓰레기통,일반쓰레기
1004,강남구,언주로,개포우성아파트 버스정류장(23-445),"정류소(버스,택시 등)",일반 사각 쓰레기통,재활용쓰레기
1005,강남구,개포로22길87,포이초교 버스정류장(23-517),"정류소(버스,택시 등)",일반 사각 쓰레기통,일반쓰레기
1006,강남구,개포로22길87,포이초교 버스정류장(23-517),"정류소(버스,택시 등)",일반 사각 쓰레기통,재활용쓰레기
1007,강남구,강남대로,"신분당선,강남역4번출구 버스정류장(23-572)","정류소(버스,택시 등)",일반 사각 쓰레기통,일반쓰레기
1008,강남구,강남대로,"신분당선,강남역4번출구 버스정류장(23-572)","정류소(버스,택시 등)",일반 사각 쓰레기통,재활용쓰레기
