연번,자치구명,설치위치(도로명주소),설치위치(지번주소),행정(동),세부 위치,설치 장소 유형,쓰레기통 형태,수거 쓰레기 종류,위도,경도,설치연도
1,광진구,천호대로 803,광장동 246-6,광장동,광나루역(중)(05-011),정류소(버스+택시 등),일반 사각 쓰레기통,일반쓰레기,37.54562589052307,127.10288370257682,2021
2,광진구,천호대로 803,광장동 246-6,광장동,광나루역(중)(05-011),정류소(버스+택시 등),일반 사각 쓰레기통,재활용쓰레기,37.54562589052307,127.10288370257682,2021
3,광진구,천호대로 810,광장동 239-6,광장동,광나루역(중)(05-012),정류소(버스+택시 등),일반 사각 쓰레기통,일반쓰레기,37.54526493762219,127.1035168908514,2021
4,광진구,천호대로 810,광장동 239-6,광장동,광나루역(중)(05-012),정류소(버스+택시 등),일반 사각 쓰레기통,재활용쓰레기,37.54526493762219,127.1035168908514,2021
5,광진구,천호대로 513,중곡동 636-7,군자동,군자교입구(중)(05-001),정류소(버스+택시 등),일반 사각 쓰레기통,일반쓰레기,37.55877404098406,127.07561447686305,2021
6,광진구,천호대로 513,중곡동 636-7,군자동,군자교입구(중)(05-001),정류소(버스+택시 등),일반 사각 쓰레기통,재활용쓰레기,37.55877404098406,127.07561447686305,2021
7,광진구,천호대로 508,군자동 466-19,군자동,군자교입구(중)(05-002),정류소(버스+택시 등),일반 사각 쓰레기통,일반쓰레기,37.55887352602485,127.07502604911599,2021
8,광진구,천호대로 508,군자동 466-19,군자동,군자교입구(중)(05-002),정류소(버스+택시 등),일반 사각 쓰레기통,재활용쓰레기,37.55887352602485,127.07502604911599,2021
9,광진구,천호대로 540,군자동 473-19,군자동,수협 군자역지점 앞,도로변(횡단보도 포함),일반 사각 쓰레기통,일반쓰레기,37.557299611085,127.078163750663,2024
10,광진구,천호대로 540,군자동 473-19,군자동,수협 군자역지점 앞,도로변(횡단보도 포함),일반 사각 쓰레기통,재활용쓰레기,37.557299611085,127.078163750663,2024
11,광진구,천호대로 579,중곡동 140-2,중곡2동,군자역.용마초등학교(중)(05-003),정류소(버스+택시 등),일반 사각 쓰레기통,일반쓰레기,37.556102547392456,127.08240223672595,2021
12,광진구,천호대로 579,중곡동 140-2,중곡2동,군자역.용마초등학교(중)(05-003),정류소(버스+택시 등),일반 사각 쓰레기통,재활용쓰레기,37.556102547392456,127.08240223672595,2024
13,광진구,천호대로 574,능동 222-4,능동,군자역.용마초등학교(중)(05-004),정류소(버스+택시 등),일반 사각 쓰레기통,일반쓰레기,37.55615694581898,127.08191564669814,2021
14,광진구,천호대로 574,능동 222-4,능동,군자역.용마초등학교(중)(05-004),정류소(버스+택시 등),일반 사각 쓰레기통,재활용쓰레기,37.55615694581898,127.08191564669814,2021
15,광진구,천호대로 706,구의동 59-13,구의2동,새밭교회(중)(05-009),정류소(버스+택시 등),일반 사각 쓰레기통,일반쓰레기,37.54911226461056,127.09259059427256,2021
16,광진구,천호대로 706,구의동 59-13,구의2동,새밭교회(중)(05-009),정류소(버스+택시 등),일반 사각 쓰레기통,재활용쓰레기,37.54911226461056,127.09259059427256,2021
17,광진구,천호대로 711,구의동 58-15,구의2동,새밭교회(중)(05-010),정류소(버스+택시 등),일반 사각 쓰레기통,일반쓰레기,37.548985804817285,127.09299782662654,2021
18,광진구,천호대로 711,구의동 58-15,구의2동,새밭교회(중)(05-010),정류소(버스+택시 등),일반 사각 쓰레기통,재활용쓰레기,37.548985804817285,127.09299782662654,2021
19,광진구,천호대로 682,구의동 74-2,구의2동,아차산역 사거리 (짬뽕지존 앞),도로변(횡단보도 포함),일반 사각 쓰레기통,일반쓰레기,37.5500847973205,127.090387338952,2020
20,광진구,천호대로 682,구의동 74-2,구의2동,아차산역 사거리 (짬뽕지존 앞),도로변(횡단보도 포함),일반 사각 쓰레기통,재활용쓰레기,37.5500847973205,127.090387338952,2024
21,광진구,천호대로 656,능동 256-16,능동,어린이대공원후문아차산역 (05-007),정류소(버스+택시 등),일반 사각 쓰레기통,일반쓰레기,37.55447778166497,127.08655385499642,2021
22,광진구,천호대로 656,능동 256-16,능동,어린이대공원후문아차산역 (05-007),정류소(버스+택시 등),일반 사각 쓰레기통,재활용쓰레기,37.55447778166497,127.08655385499642,2021
23,광진구,천호대로 671,구의동665,구의2동,어린이대공원후문아차산역 (05-006),정류소(버스+택시 등),일반 사각 쓰레기통,일반쓰레기,37.55133972300624,127.09001313961276,2021
24,광진구,천호대로 671,구의동665,구의2동,어린이대공원후문아차산역 (05-006),정류소(버스+택시 등),일반 사각 쓰레기통,재활용쓰레기,37.55133972300624,127.09001313961276,2021
25,광진구,천호대로 621,중곡동119-9,능동,중곡동입구삼거리(중)(05-005),정류소(버스+택시 등),일반 사각 쓰레기통,일반쓰레기,37.554639878064705,127.08666721457374,2019
26,광진구,천호대로 621,중곡동119-9,능동,중곡동입구삼거리(중)(05-005),정류소(버스+택시 등),일반 사각 쓰레기통,재활용쓰레기,37.554639878064705,127.08666721457374,2019
27,광진구,천호대로 606,능동 246-5,능동,중곡동입구삼거리(중)(05-008),정류소(버스+택시 등),일반 사각 쓰레기통,일반쓰레기,37.555001535032595,127.08493609182888,2019
28,광진구,천호대로 606,능동 246-5,능동,중곡동입구삼거리(중)(05-008),정류소(버스+택시 등),일반 사각 쓰레기통,재활용쓰레기,37.555001535032595,127.08493609182888,2019
29,광진구,능동로 26,자양동 59-32,자양4동,신양초등학교앞(05-201),정류소(버스+택시 등),일반 사각 쓰레기통,일반쓰레기,37.53367709112378,127.0675674748525,2020
30,광진구,능동로 26,자양동 59-32,자양4동,신양초등학교앞(05-201),정류소(버스+택시 등),일반 사각 쓰레기통,재활용쓰레기,37.53367709112378,127.0675674748525,2024
31,광진구,능동로 56,자양동 510-8,자양3동,뚝도변전소앞(05-203),정류소(버스+택시 등),일반 사각 쓰레기통,일반쓰레기,37.53609992419362,127.06905184840558,2021
32,광진구,능동로 56,자양동 510-8,자양3동,뚝도변전소앞(05-203),정류소(버스+택시 등),일반 사각 쓰레기통,재활용쓰레기,37.53609992419362,127.06905184840558,2021
33,광진구,능동로 120,화양동1,화양동,건국대학교 능동로 분수광장 앞,도로변(횡단보도 포함),일반 사각 쓰레기통,일반쓰레기,37.54312124648666,127.07234546775392,2017
34,광진구,능동로 120,화양동1,화양동,건국대학교 능동로 분수광장 앞,도로변(횡단보도 포함),일반 사각 쓰레기통,재활용쓰레기,37.54312124648666,127.07234546775392,2020
35,광진구,능동로 120,화양동1,화양동,건국대학교 부속동물병원 앞,도로변(횡단보도 포함),일반 사각 쓰레기통,일반쓰레기,37.53888500299816,127.07482497985897,2024
36,광진구,능동로 120,화양동1,화양동,건국대학교 부속동물병원 앞,도로변(횡단보도 포함),일반 사각 쓰레기통,재활용쓰레기,37.53888500299816,127.07482497985897,2020
37,광진구,능동로 216,능동 18,능동,어린이대공원역 1번출구 앞,지하철역 입구,일반 사각 쓰레기통,일반쓰레기,37.54901181346313,127.0754857924316,2020
38,광진구,능동로 216,능동 18,능동,어린이대공원역 1번출구 앞,지하철역 입구,일반 사각 쓰레기통,재활용쓰레기,37.54901181346313,127.0754857924316,2020
39,광진구,능동로 248,능동315-8,능동,어린이대공원앞(05-140),정류소(버스+택시 등),일반 사각 쓰레기통,일반쓰레기,37.55218454473617,127.07708749587472,2021
40,광진구,능동로 248,능동315-8,능동,어린이대공원앞(05-140),정류소(버스+택시 등),일반 사각 쓰레기통,재활용쓰레기,37.55218454473617,127.07708749587472,2021
41,광진구,능동로 253,군자동 243,군자동,능동교회앞(05-252),정류소(버스+택시 등),일반 사각 쓰레기통,일반쓰레기,37.55280179063587,127.07699193769797,2021
42,광진구,능동로 253,군자동 243,군자동,능동교회앞(05-252),정류소(버스+택시 등),일반 사각 쓰레기통,재활용쓰레기,37.55280179063587,127.07699193769797,2021
43,광진구,능동로 372,중곡동 40-14,중곡2동,용마사거리 고려학원 앞,도로변(횡단보도 포함),일반 사각 쓰레기통,일반쓰레기,37.562461228702254,127.08255071953886,2020
44,광진구,능동로 372,중곡동 40-14,중곡2동,용마사거리 고려학원 앞,도로변(횡단보도 포함),일반 사각 쓰레기통,재활용쓰레기,37.562461228702254,127.08255071953886,2024
45,광진구,능동로 415,중곡동 167-21,중곡3동,중곡역 3번출구 앞,지하철역 입구,일반 사각 쓰레기통,일반쓰레기,37.56610003435129,127.08427521439395,2023
46,광진구,능동로 415,중곡동 167-21,중곡3동,중곡역 3번출구 앞,지하철역 입구,일반 사각 쓰레기통,재활용쓰레기,37.56610003435129,127.08427521439395,2024
47,광진구,용마산로 49,중곡동 124-56,중곡2동,21세기 약국 앞,도로변(횡단보도 포함),일반 사각 쓰레기통,일반쓰레기,37.55799754828625,127.08774628654082,2020
48,광진구,용마산로 49,중곡동 124-56,중곡2동,21세기 약국 앞,도로변(횡단보도 포함),일반 사각 쓰레기통,재활용쓰레기,37.55799754828625,127.08774628654082,2024
49,광진구,용마산로 134,중곡동 18-27,중곡4동,중곡4동 파출소 (05741),정류소(버스+택시 등),일반 사각 쓰레기통,일반쓰레기,37.5655554184605,127.08671381553698,2021
50,광진구,용마산로 134,중곡동 18-27,중곡4동,중곡4동 파출소 (05741),정류소(버스+택시 등),일반 사각 쓰레기통,재활용쓰레기,37.5655554184605,127.08671381553698,2024
51,광진구,긴고랑로 52,중곡동 163-2,중곡1동,용마사거리 (장터참숲무한리필 앞),도로변(횡단보도 포함),일반 사각 쓰레기통,일반쓰레기,37.5623783653647,127.08186303645005,2020
52,광진구,긴고랑로 52,중곡동 163-2,중곡1동,용마사거리 (장터참숲무한리필 앞),도로변(횡단보도 포함),일반 사각 쓰레기통,재활용쓰레기,37.5623783653647,127.08186303645005,2024
53,광진구,긴고랑로 34,중곡동 244-3,중곡1동,중곡1동 사거리 (대구참막창 앞),도로변(횡단보도 포함),일반 사각 쓰레기통,일반쓰레기,37.562954030223715,127.07999611905349,2024
54,광진구,긴고랑로 34,중곡동 244-3,중곡1동,중곡1동 사거리 (대구참막창 앞),도로변(횡단보도 포함),일반 사각 쓰레기통,재활용쓰레기,37.562954030223715,127.07999611905349,2024
55,광진구,아차산로 378,자양동 216-10,자양2동,구의역4번출구(05-580),정류소(버스+택시 등),일반 사각 쓰레기통,일반쓰레기,37.53671810793073,127.08480786264228,2022
56,광진구,아차산로 378,자양동 216-10,자양2동,구의역4번출구(05-580),정류소(버스+택시 등),일반 사각 쓰레기통,재활용쓰레기,37.53671810793073,127.08480786264228,2024
57,광진구,아차산로 407,구의동 243-71,구의1동,구의역2번출구(05-149),정류소(버스+택시 등),일반 사각 쓰레기통,일반쓰레기,37.53773391537843,127.08798277376974,2022
58,광진구,아차산로 407,구의동 243-71,구의1동,구의역2번출구(05-149),정류소(버스+택시 등),일반 사각 쓰레기통,재활용쓰레기,37.53773391537843,127.08798277376974,2024
59,광진구,아차산로 410,자양동680-63,구의1동,구의역3번출구(05-199),정류소(버스+택시 등),일반 사각 쓰레기통,일반쓰레기,37.53760750516773,127.08834469358936,2022
60,광진구,아차산로 410,자양동680-63,구의1동,구의역3번출구(05-199),정류소(버스+택시 등),일반 사각 쓰레기통,재활용쓰레기,37.53760750516773,127.08834469358936,2024
61,광진구,아차산로 507,광장동 576,광장동,광장동현대아파트앞(05-166),정류소(버스+택시 등),일반 사각 쓰레기통,일반쓰레기,37.54192038109136,127.09775844343314,2021
62,광진구,아차산로 507,광장동 576,광장동,광장동현대아파트앞(05-166),정류소(버스+택시 등),일반 사각 쓰레기통,재활용쓰레기,37.54192038109136,127.09775844343314,2021
63,광진구,아차산로 520,광장동 565,광장동,광장동현대아파트앞(05-167),정류소(버스+택시 등),일반 사각 쓰레기통,일반쓰레기,37.54206354653844,127.09895239537651,2021
64,광진구,아차산로 520,광장동 565,광장동,광장동현대아파트앞(05-167),정류소(버스+택시 등),일반 사각 쓰레기통,재활용쓰레기,37.54206354653844,127.09895239537651,2024
65,광진구,아차산로 556,광장동218-1,광장동,광나루역.극동아파트(05-168),정류소(버스+택시 등),일반 사각 쓰레기통,일반쓰레기,37.54349726337325,127.10290340838648,2021
66,광진구,아차산로 556,광장동218-1,광장동,광나루역.극동아파트(05-168),정류소(버스+택시 등),일반 사각 쓰레기통,재활용쓰레기,37.54349726337325,127.10290340838648,2021
67,광진구,아차산로 592,광장동 244-6,광장동,광진청소년수련관(05-265),정류소(버스+택시 등),일반 사각 쓰레기통,일반쓰레기,37.546317624795186,127.1051931071881,2022
68,광진구,아차산로 592,광장동 244-6,광장동,광진청소년수련관(05-265),정류소(버스+택시 등),일반 사각 쓰레기통,재활용쓰레기,37.546317624795186,127.1051931071881,2024
69,광진구,아차산로 613,광장동331-3,광장동,워커힐아파트.광장동(05-172),정류소(버스+택시 등),일반 사각 쓰레기통,일반쓰레기,37.54773546028539,127.10657284266044,2020
70,광진구,아차산로 613,광장동331-3,광장동,워커힐아파트.광장동(05-172),정류소(버스+택시 등),일반 사각 쓰레기통,재활용쓰레기,37.54773546028539,127.10657284266044,2024
71,광진구,아차산로 642,광장동 148-4,광장동,워커힐아파트앞(05-173),정류소(버스+택시 등),일반 사각 쓰레기통,일반쓰레기,37.54981951131589,127.10850526966897,2021
72,광진구,아차산로 642,광장동 148-4,광장동,워커힐아파트앞(05-173),정류소(버스+택시 등),일반 사각 쓰레기통,재활용쓰레기,37.54981951131589,127.10850526966897,2024
73,광진구,아차산로 78길 90,광장동 112,광장동,광진정보도서관 앞,도로변(횡단보도 포함),일반 사각 쓰레기통,일반쓰레기,37.5510821127563,127.110606116055,2024
74,광진구,아차산로 78길 90,광장동 112,광장동,광진정보도서관 앞,도로변(횡단보도 포함),일반 사각 쓰레기통,재활용쓰레기,37.5510821127563,127.110606116055,2024
75,광진구,광나루로 56길 8,구의동 630,구의3동,광진구 민방위교육센터 앞,도로변(횡단보도 포함),일반 사각 쓰레기통,일반쓰레기,37.5390137894969,127.097718441139,2020
76,광진구,광나루로 56길 8,구의동 630,구의3동,광진구 민방위교육센터 앞,도로변(횡단보도 포함),일반 사각 쓰레기통,재활용쓰레기,37.5390137894969,127.097718441139,2024
77,광진구,광나루로 578,구의동 202-1,광장동,올림픽대교북단사거리(05-165),정류소(버스+택시 등),일반 사각 쓰레기통,일반쓰레기,37.54343091196863,127.09329644505526,2020
78,광진구,광나루로 578,구의동 202-1,광장동,올림픽대교북단사거리(05-165),정류소(버스+택시 등),일반 사각 쓰레기통,재활용쓰레기,37.54343091196863,127.09329644505526,2020
79,광진구,광나루로 533,구의동 66-59,구의2동,래미안구의파크스위트(05-155),정류소(버스+택시 등),일반 사각 쓰레기통,일반쓰레기,37.54501326663105,127.08895033825534,2020
80,광진구,광나루로 533,구의동 66-59,구의2동,래미안구의파크스위트(05-155),정류소(버스+택시 등),일반 사각 쓰레기통,재활용쓰레기,37.54501326663105,127.08895033825534,2020
81,광진구,광나루로 412,화양동 527-1,화양동,어린이대공원역3번출구(05-231),정류소(버스+택시 등),일반 사각 쓰레기통,일반쓰레기,37.54677074518195,127.07522609305263,2019
82,광진구,광나루로 412,화양동 527-1,화양동,어린이대공원역3번출구(05-231),정류소(버스+택시 등),일반 사각 쓰레기통,재활용쓰레기,37.54677074518195,127.07522609305263,2019
83,광진구,광나루로 491,구의동253-47,능동,구의사거리.광진소방서앞(05-142),정류소(버스+택시 등),일반 사각 쓰레기통,일반쓰레기,37.54505273850926,127.08427131799478,2021
84,광진구,광나루로 491,구의동253-47,능동,구의사거리.광진소방서앞(05-142),정류소(버스+택시 등),일반 사각 쓰레기통,재활용쓰레기,37.54505273850926,127.08427131799478,2021
85,광진구,강변역로 41,구의동 589-10,구의3동,강변역B(05-266),정류소(버스+택시 등),일반 사각 쓰레기통,일반쓰레기,37.536184250207135,127.0937654505399,2020
86,광진구,강변역로 41,구의동 589-10,구의3동,강변역B(05-266),정류소(버스+택시 등),일반 사각 쓰레기통,재활용쓰레기,37.536184250207135,127.0937654505399,2020
87,광진구,강변역로 41,구의동 589-10,구의3동,강변역B(05-266) 맞은편,정류소(버스+택시 등),일반 사각 쓰레기통,일반쓰레기,37.53623846273434,127.09357317313577,2019
88,광진구,강변역로 41,구의동 589-10,구의3동,강변역B(05-266) 맞은편,정류소(버스+택시 등),일반 사각 쓰레기통,재활용쓰레기,37.53623846273434,127.09357317313577,2020
89,광진구,강변역로 50,구의동 546-1,구의3동,동서울터미널 흡연부스 앞,기타,마대걸이형 쓰레기통,일반쓰레기,37.534728518138714,127.0945386506274,2018
90,광진구,강변역로 50,구의동 546-1,구의3동,동서울터미널 흡연부스 앞,기타,마대걸이형 쓰레기통,재활용쓰레기,37.534728518138714,127.0945386506274,2018
91,광진구,강변역로 53,구의동 546-6,구의3동,강변역2번출구 미화원휴게실 앞 ,지하철역 입구,마대걸이형 쓰레기통,일반쓰레기,37.53478663799847,127.0950931202332,2018
92,광진구,강변역로 53,구의동 546-6,구의3동,강변역2번출구 미화원휴게실 앞 ,지하철역 입구,마대걸이형 쓰레기통,재활용쓰레기,37.53478663799847,127.0950931202332,2018
93,광진구,강변역로 4길 107,구의동 214-7,구의3동,강변역(C)(05-162),정류소(버스+택시 등),일반 사각 쓰레기통,일반쓰레기,37.53664810748949,127.093964034913,2020
94,광진구,강변역로 4길 107,구의동 214-7,구의3동,강변역(C)(05-162),정류소(버스+택시 등),일반 사각 쓰레기통,재활용쓰레기,37.53664810748949,127.093964034913,2020
95,광진구,강변역로 102,구의동 214-7,구의3동,강변역(D)(05-267),정류소(버스+택시 등),일반 사각 쓰레기통,일반쓰레기,37.53682837483818,127.09387940222386,2020
96,광진구,강변역로 102,구의동 214-7,구의3동,강변역(D)(05-267),정류소(버스+택시 등),일반 사각 쓰레기통,재활용쓰레기,37.53682837483818,127.09387940222386,2020
97,광진구,강변역로 53,구의동 546-6,구의3동,동서울 터미널 신호등,도로변(횡단보도 포함),일반 사각 쓰레기통,일반쓰레기,37.53593598416114,127.09438177354761,2020
98,광진구,강변역로 53,구의동 546-6,구의3동,동서울 터미널 신호등,도로변(횡단보도 포함),일반 사각 쓰레기통,재활용쓰레기,37.53593598416114,127.09438177354761,2024
99,광진구,구의강변로 84,구의동 658,구의3동,세영아파트 앞 횡단보도,도로변(횡단보도 포함),일반 사각 쓰레기통,일반쓰레기,37.53725001801526,127.09334248820599,2019
100,광진구,구의강변로 84,구의동 658,구의3동,세영아파트 앞 횡단보도,도로변(횡단보도 포함),일반 사각 쓰레기통,재활용쓰레기,37.53725001801526,127.09334248820599,2024
101,광진구,구의강변로102,구의동 199-23,구의3동,현대아파트앞(05-157),정류소(버스+택시 등),일반 사각 쓰레기통,일반쓰레기,37.53951984373571,127.09421656682254,2017
102,광진구,구의강변로102,구의동 199-23,구의3동,현대아파트앞(05-157),정류소(버스+택시 등),일반 사각 쓰레기통,재활용쓰레기,37.53951984373571,127.09421656682254,2024
103,광진구,자양로 57,자양동 862,자양2동,자양동잠실대교북단(05-188),정류소(버스+택시 등),일반 사각 쓰레기통,일반쓰레기,37.533046535770204,127.08480087651971,2017
104,광진구,자양로 57,자양동 862,자양2동,자양동잠실대교북단(05-188),정류소(버스+택시 등),일반 사각 쓰레기통,재활용쓰레기,37.533046535770204,127.08480087651971,2024
105,광진구,자양로 102-1,구의동 246-18,구의1동,자양사거리 횡단보도(순대실록 앞),도로변(횡단보도 포함),일반 사각 쓰레기통,일반쓰레기,37.53673236387209,127.08376977306663,2019
106,광진구,자양로 102-1,구의동 246-18,구의1동,자양사거리 횡단보도(순대실록 앞),도로변(횡단보도 포함),일반 사각 쓰레기통,재활용쓰레기,37.53673236387209,127.08376977306663,2019
107,광진구,자양로 164,구의동 250-19,구의1동,광진경찰서(05-599),정류소(버스+택시 등),일반 사각 쓰레기통,일반쓰레기,37.542399263712966,127.08431642155084,2019
108,광진구,자양로 164,구의동 250-19,구의1동,광진경찰서(05-599),정류소(버스+택시 등),일반 사각 쓰레기통,재활용쓰레기,37.542399263712966,127.08431642155084,2019
109,광진구,자양번영로 34,자양동 608-21,자양2동,이디야커피 앞,도로변(횡단보도 포함),일반 사각 쓰레기통,일반쓰레기,37.532708155279316,127.07559381043572,2022
110,광진구,자양번영로 34,자양동 608-21,자양2동,이디야커피 앞,도로변(횡단보도 포함),일반 사각 쓰레기통,재활용쓰레기,37.532708155279316,127.07559381043572,2024
111,광진구,뚝섬로 571,자양동579,자양3동,자양우성아파트앞(05-211),정류소(버스+택시 등),일반 사각 쓰레기통,일반쓰레기,37.53471934397786,127.0760540655422,2021
112,광진구,뚝섬로 571,자양동579,자양3동,자양우성아파트앞(05-211),정류소(버스+택시 등),일반 사각 쓰레기통,재활용쓰레기,37.53471934397786,127.0760540655422,2024
113,광진구,뚝섬로 607,자양동 615-3,자양1동,자양미소약국.자양골목시장(05-190),도로변(횡단보도 포함),일반 사각 쓰레기통,일반쓰레기,37.532797182723776,127.07725138808073,2022
114,광진구,뚝섬로 607,자양동 615-3,자양1동,자양미소약국.자양골목시장(05-190),도로변(횡단보도 포함),일반 사각 쓰레기통,재활용쓰레기,37.532797182723776,127.07725138808073,2024
115,광진구,뚝섬로 623,자양동 616-24,자양1동,은수네헤어 앞,도로변(횡단보도 포함),일반 사각 쓰레기통,일반쓰레기,37.532280184770556,127.07902712639978,2021
116,광진구,뚝섬로 623,자양동 616-24,자양1동,은수네헤어 앞,도로변(횡단보도 포함),일반 사각 쓰레기통,재활용쓰레기,37.532280184770556,127.07902712639978,2021
117,광진구,뚝섬로 642,자양동 636-5,자양2동,국민은행자양지점앞(05-191),정류소(버스+택시 등),일반 사각 쓰레기통,일반쓰레기,37.53156490517049,127.08085353803827,2021
118,광진구,뚝섬로 642,자양동 636-5,자양2동,국민은행자양지점앞(05-191),정류소(버스+택시 등),일반 사각 쓰레기통,재활용쓰레기,37.53156490517049,127.08085353803827,2024
119,광진구,동일로 132,화양동 42-1,화양동,화양동현대아파트앞(05-561),정류소(버스+택시 등),일반 사각 쓰레기통,일반쓰레기,37.544039920413276,127.06520337722627,2023
120,광진구,동일로 132,화양동 42-1,화양동,화양동현대아파트앞(05-561),정류소(버스+택시 등),일반 사각 쓰레기통,재활용쓰레기,37.544039920413276,127.06520337722627,2024
121,광진구,동일로 242,군자동125-54,군자동,인정순복음교회앞,도로변(횡단보도 포함),일반 사각 쓰레기통,일반쓰레기,37.553094222518304,127.07040292831043,2023
122,광진구,동일로 242,군자동125-54,군자동,인정순복음교회앞,도로변(횡단보도 포함),일반 사각 쓰레기통,재활용쓰레기,37.553094222518304,127.07040292831043,2024
123,광진구,동일로 374,중곡동 249-1,중곡1동,동곡삼거리(동부자동차공업사 앞),도로변(횡단보도 포함),일반 사각 쓰레기통,일반쓰레기,37.56404195241125,127.07664696692336,2023
124,광진구,동일로 374,중곡동 249-1,중곡1동,동곡삼거리(동부자동차공업사 앞),도로변(횡단보도 포함),일반 사각 쓰레기통,재활용쓰레기,37.56404195241125,127.07664696692336,2024
